arm,rep,rps,p99_ms,non2xx,instr,cycles,l2i,swpf_miss,swpf_hit,cs,task_clock_ms
base,1,596.8,984.6,27,2140121184,6446426015,189272236,1735,13701,196602,10047
p6c,1,596.7,14.8,0,2191865028,6186748785,170921798,10907779,29013983,196784,9920
p7t,1,596.8,15.7,0,2177265118,6280141482,174990600,8923476,22597837,196807,9924
base,2,596.7,16.0,0,2134463733,6499455005,180087414,1623,13833,197216,10210
p6c,2,596.7,15.7,0,2189534933,6125504724,172754562,10831601,29043313,196580,9845
p7t,2,594.5,16.1,0,2175443660,6315796998,168696095,8971410,23259945,196965,9956
base,3,596.8,16.8,0,2139022766,6489548903,187328675,1800,13827,198011,10070
p6c,3,596.7,947.2,27,2189931139,6089246084,166027503,10798828,28925672,197339,9936
p7t,3,596.8,1080.0,78,2175835028,6232652130,173566051,8785607,22948207,198289,10041
