config,rep,iter2_ms,mpki,ipc,inst_window
stock,1,82819,79.31,0.311,12178178198
v1_l1,1,82743,79.07,0.308,11998238741
v2,1,82753,80.25,0.309,11949440593
v3_4k_l1,1,82824,81.17,0.307,11967432223
stock_lp,1,82475,79.39,0.329,12329919822
l16_lp,1,83422,68.68,0.349,13177299392
stock,2,82793,79.52,0.312,12213312861
v1_l1,2,82788,81.46,0.308,11895154773
v2,2,82800,76.82,0.318,12235744324
v3_4k_l1,2,82903,80.26,0.310,12228788074
stock_lp,2,82686,79.94,0.321,12175436493
l16_lp,2,82890,71.17,0.354,13284648573
