workload,config,rep,mpki,ipc,iter_mean
tradesoap,stock,1,3.30,2.003,1378
tradesoap,v4,1,3.78,1.667,1734
kafka,stock,1,4.23,1.196,5047
kafka,v4,1,3.67,1.200,4992
spring,stock,1,2.30,2.066,2690
spring,v4,1,1.70,2.103,2916
tradesoap,stock,2,3.35,1.963,1358
tradesoap,v4,2,3.50,1.737,1675
kafka,stock,2,4.39,1.177,5053
kafka,v4,2,3.57,1.205,5019
spring,stock,2,2.56,1.893,2746
spring,v4,2,1.83,1.885,2994
tradesoap,stock,3,3.33,1.972,1368
tradesoap,v4,3,3.42,1.738,1669
kafka,stock,3,4.44,1.163,5041
kafka,v4,3,3.65,1.200,5032
spring,stock,3,2.38,1.986,2757
spring,v4,3,1.84,1.913,2966
