config,rep,qps,p50_ms,p99_ms,mpki,ipc
stock,1,14392.3,6.25,13.99,34.85,0.850
v4_128x32,1,15828.4,5.76,11.70,12.14,0.991
v4_g256,1,16031.0,5.73,11.36,12.10,0.993
v4_64x8,1,14001.6,6.42,14.67,35.56,0.832
stock,2,14372.1,6.26,14.06,34.81,0.849
v4_128x32,2,15894.7,5.76,11.45,12.00,0.993
v4_g256,2,15966.5,5.73,11.48,12.31,0.991
v4_64x8,2,14242.1,6.30,14.58,33.36,0.849
stock,3,14409.0,6.25,13.95,34.95,0.850
v4_128x32,3,15860.8,5.76,11.63,12.16,0.990
v4_g256,3,15975.8,5.74,11.43,12.31,0.994
v4_64x8,3,14154.5,6.36,14.47,34.57,0.842
