campaign,arm,reps,baseline_cpu_ms,prefetch_cpu_ms,nop_cpu_ms,cpu_speedup,wall_speedup,nop_speedup,paired_cpu_speedup_min,paired_cpu_speedup_max,baseline_mpki,prefetch_mpki,instructions_ratio,miss_ratio
arm/ipc1000/confirm,graph2,3,3877.69,4401.38,4405.39,0.8810168628930016,0.8767491154924024,1.0009110778892074,0.8807896614243713,0.8814253956275259,4.013122334472979,9.897549010436899,1.0835633004874137,2.6723883533989907
arm/ipc1000/depth4_holdout,entry1d4,3,3878.5,3849.08,3849.39,1.0076433849127584,0.9999879436147135,1.0000805387261371,1.0047493690827214,1.0079550091088882,4.007646556114072,3.3599138700732,1.0382007163279248,0.8704025012301244
arm/ipc1000/entry1_confirm,entry1,3,3878.02,4028.6100000000006,3962.08,0.9626198614410427,0.9631709188117595,0.9834856191093204,0.9624113527991042,0.964964676217309,4.008639996941314,10.292608182371822,1.0429737134004602,2.677945583722982
arm/ipc3000/confirm,graph2,3,17752.98,17451.14,18787.78,1.0172962912451566,1.017185572152319,1.0765932770008149,1.017200022462716,1.017603670101273,59.55390289121393,33.80710125399094,1.0835469319851532,0.6150995840752767
arm/ipc3000/depth_confirm,entry1d4,5,17743.61,16249.089999999998,17941.93,1.0919756121727433,1.092258138056147,1.1041806033445565,1.0915341028279943,1.092171007221065,59.552265466360005,45.43538604007216,1.0381928933882683,0.792089018321536
arm/ipc3000/depth_screen,entry1,1,17767.21,17057.16,,1.0416276801061841,1.0410979481767386,,1.0416276801061841,1.0416276801061841,59.551058015014085,44.29515629215977,1.042966382227404,0.7757772984752633
arm/ipc3000/depth_screen,entry1d4,1,17767.21,16387.11,,1.0842186328156702,1.0822105555549573,,1.0842186328156702,1.0842186328156702,59.551058015014085,45.91042950904315,1.0381928996191467,0.8003868197058206
arm/ipc3000/depth_screen,entry1d8,1,17767.21,16476.41,,1.0783423087917816,1.0789713803588137,,1.0783423087917816,1.0783423087917816,59.551058015014085,49.98999883756301,1.0286460694906996,0.8634945798131621
arm/ipc3000/depth_screen,entry1d3,1,17767.21,16578.27,,1.071716771412216,1.0724393349690644,,1.071716771412216,1.071716771412216,59.551058015014085,45.05596506745058,1.0405796270803285,0.7872961604781481
arm/ipc3000/entry1_confirm,entry1,3,17750.99,17045.36,17968.71,1.0413971896164116,1.041031693330396,1.0541701671305268,1.0413971896164116,1.04145357088587,59.55178376864391,44.314917426459544,1.0429663768414448,0.7761139285727984
noarena,previous,3,172.21222712999997,168.53635617,173.78675993,1.0218105519991911,1.021750626011106,1.0311529445593566,1.0216724945743498,1.0218878395428088,14.464511272845526,12.029332911673045,1.0077631250201433,0.8380934299897693
screen1,rr16,1,140.36614182000002,136.68365305999998,,1.0269416911061304,1.0274226637375765,,1.0269416911061304,1.0269416911061304,16.423334426644036,13.241577683024687,1.0091943546133941,0.813679189422309
screen1,depth4,1,140.36614182000002,137.39824172,,1.0216007138289893,1.0211824199635375,,1.0216007138289893,1.0216007138289893,16.423334426644036,13.979247537758967,1.0064530887708019,0.8566748077810474
screen1,direct_graph2_got,1,140.36614182000002,158.78832828,,0.8839827419335561,0.884451247375479,,0.8839827419335561,0.8839827419335561,16.423334426644036,16.075214207551415,1.1964801624772188,1.171118751360496
screen1,ctor_merge,1,140.36614182000002,136.720843,,1.0266623489148616,1.0264694162432326,,1.0266623489148616,1.0266623489148616,16.423334426644036,13.121342759567652,1.0099462329642097,0.8068916060041198
screen1,previous_nta,1,140.36614182000002,186.3089145,141.72356792,0.7534053976789179,0.7544753616924647,0.7606912868358748,0.7534053976789179,0.7534053976789179,16.423334426644036,17.954340004922123,1.0099133663629034,1.1040588643058054
screen1,rr,1,140.36614182000002,135.8241103,,1.0334405394592157,1.0335126418789207,,1.0334405394592157,1.0334405394592157,16.423334426644036,12.872032683245957,1.0101145255671737,0.7916922866667236
screen1,rr32,1,140.36614182000002,135.871133,,1.0330828831757812,1.0328368134923152,,1.0330828831757812,1.0330828831757812,16.423334426644036,12.949173262011056,1.010031428757201,0.7963712868097617
screen1,children16,1,140.36614182000002,135.90088803999998,,1.0328566931710246,1.0325822329795964,,1.0328566931710246,1.0328566931710246,16.423334426644036,12.697775098550181,1.0107215673624306,0.7814439392284102
screen1,previous_t0,1,140.36614182000002,136.29517598,141.72356792,1.0298687448820447,1.029689813086728,1.0398282030230954,1.0298687448820447,1.0298687448820447,16.423334426644036,13.187122752710819,1.0102237659689568,0.8111595650104934
screen1,lines32,1,140.36614182000002,136.37246568,,1.0292850622014216,1.0290115718473805,,1.0292850622014216,1.0292850622014216,16.423334426644036,12.317817713164413,1.0120585439009107,0.7590634358999295
screen1,ctor_add,1,140.36614182000002,136.21960304,,1.0304401032411055,1.0301424947343123,,1.0304401032411055,1.0304401032411055,16.423334426644036,12.921214425610323,1.0090671225014656,0.793893147455033
screen1,children32lines16,1,140.36614182000002,135.99333258000001,,1.03215458550093,1.0318956466725675,,1.03215458550093,1.03215458550093,16.423334426644036,12.24241051637922,1.0118197739497126,0.7542386168052722
screen1,previous,1,140.36614182000002,135.81787269999998,141.72356792,1.0334880014653627,1.0332981438921895,1.043482460022362,1.0334880014653627,1.0334880014653627,16.423334426644036,12.824790061195648,1.0102361901903674,0.7888816433278365
screen1,d3rr32,1,140.36614182000002,136.43779958000002,,1.0287921840728356,1.028597645887834,,1.0287921840728356,1.0287921840728356,16.423334426644036,13.410845582316943,1.0083157190211718,0.8233630305961558
screen1,previous_t2,1,140.36614182000002,135.87502727999998,141.72356792,1.0330532742469674,1.0326917711271586,1.0430435287269366,1.0330532742469674,1.0330532742469674,16.423334426644036,12.818926165470634,1.01010533895662,0.7884188084501242
screen1,depth3,1,140.36614182000002,136.65089919999997,,1.0271878388049425,1.026924896698786,,1.0271878388049425,1.0271878388049425,16.423334426644036,13.371519382310124,1.0084065912099263,0.8210225724769662
screen1,lines16,1,140.36614182000002,136.25415665999998,,1.0301787869140815,1.029947411002392,,1.0301787869140815,1.0301787869140815,16.423334426644036,12.479536592033583,1.0112436388777393,0.768409853139348
screen2,own512,1,140.56048380000001,136.77699869999998,,1.0276617058128212,1.0267402696929833,,1.0276617058128212,1.0276617058128212,16.4175924246499,12.48657594604595,1.0116926595013587,0.7694536994324432
screen2,copy1,1,140.56048380000001,136.22043797999999,,1.031860460033444,1.0311810220529172,,1.031860460033444,1.031860460033444,16.4175924246499,12.820109189058652,1.0103936533102824,0.788992479793877
screen2,own1024,1,140.56048380000001,136.45372021999998,,1.0300963841321351,1.0301434582766071,,1.0300963841321351,1.0300963841321351,16.4175924246499,12.49113605766557,1.0109579633350465,0.7691757196772921
screen2,own256,1,140.56048380000001,136.56606953999997,,1.0292489508810976,1.0296860471058487,,1.0292489508810976,1.0292489508810976,16.4175924246499,12.740971573437317,1.0125814176830132,0.7858199134679301
screen2,copy2,1,140.56048380000001,135.96609253999998,,1.0337907133622186,1.0337299087425211,,1.0337907133622186,1.0337907133622186,16.4175924246499,12.875901189170023,1.0103772918068588,0.7924132745282073
screen2,previous,1,140.56048380000001,135.97849748,141.69130613999997,1.0336964035116947,1.0336141616891632,1.042012588503857,1.0336964035116947,1.0336964035116947,16.4175924246499,12.82859365966561,1.0101731091100068,0.7893423108272637
screen2,copy3,1,140.56048380000001,136.0287602,,1.0333144519830744,1.033314197414261,,1.0333144519830744,1.0333144519830744,16.4175924246499,12.83039514740961,1.0103436820628906,0.7895864594672506
verilator/confirm,graph2,3,78128.18,79083.59,78720.4,0.9879189854684137,0.987999765094435,0.995407517539353,0.98739434167417,0.988137770330842,57.21046702905979,57.485567090649766,1.0061865237551317,1.0110256920161926
verilator/confirm,graph4fixed,3,78128.18,79215.72,78720.4,0.9862711593102983,0.9861218403756321,0.9937472006818848,0.9854048717190663,0.9910080335408358,57.21046702905979,57.559632199730586,1.0061852022437492,1.0124640083072438
