rank,samples,function,file,line,addr,cacheline64,mangled,symbol_size
1,6393,TestHarness_clock,,0,0x2a0cb0,0x2a0c80,TestHarness_clock,0x42792a
2,4188,TestHarness_clock,,0,0x1ef97f,0x1ef940,TestHarness_clock,0x42792a
3,2456,TestHarness_clock,,0,0x26a2a1,0x26a280,TestHarness_clock,0x42792a
4,2407,TestHarness_clock,,0,0x1c63d8,0x1c63c0,TestHarness_clock,0x42792a
5,2219,TestHarness_clock,,0,0x86774,0x86740,TestHarness_clock,0x42792a
6,1955,TestHarness_clock,,0,0x16614a,0x166140,TestHarness_clock,0x42792a
7,1939,TestHarness_clock,,0,0x1a52fa,0x1a52c0,TestHarness_clock,0x42792a
8,1782,TestHarness_clock,,0,0x1887d6,0x1887c0,TestHarness_clock,0x42792a
9,1598,TestHarness_clock,,0,0x332287,0x332280,TestHarness_clock,0x42792a
10,1549,TestHarness_clock,,0,0x251682,0x251680,TestHarness_clock,0x42792a
11,1433,TestHarness_clock,,0,0xa9a7b,0xa9a40,TestHarness_clock,0x42792a
12,1219,TestHarness_clock,,0,0xc2bab,0xc2b80,TestHarness_clock,0x42792a
