variant,rep,elapsed_sec,instructions,cycles,l2i_misses,l2i_mpki,ipc
base,1,18.102,29886028609,68676025366,2362841947,79.062,0.435
asmbase,1,18.045,29885514625,68534582418,2355607124,78.821,0.436
asmbase_nop,1,18.019,29885972737,68444518887,2352614532,78.720,0.437
a40,1,7.308,33027697327,27725044549,158427915,4.797,1.191
a40_nop,1,20.822,33122159282,79101075211,2719191623,82.096,0.419
a50,1,7.186,32591437884,27262769819,161781132,4.964,1.195
a50_nop,1,20.446,32684330248,77668477532,2672063678,81.754,0.421
a64,1,7.024,31950677537,26643932605,191061971,5.980,1.199
a64_nop,1,19.883,32040618716,75531544786,2597222064,81.060,0.424
a96,1,7.000,31269605493,26555179528,262438303,8.393,1.178
a96_nop,1,19.341,31356081804,73467059235,2529394298,80.667,0.427
a128,1,7.198,30919517105,27308743742,346305172,11.200,1.132
a128_nop,1,19.013,31002241201,72223431873,2485104318,80.159,0.429
a50d8k,1,7.118,32591164370,27004316132,167088309,5.127,1.207
a50d8k_nop,1,20.477,32684468153,77787017651,2677297106,81.913,0.420
seq_d4096_k10,1,11.739,31980943764,44568579883,1132500478,35.412,0.718
seq_d4096_k10_nop,1,19.749,32037065414,75021305278,2576324864,80.417,0.427
base,2,18.089,29885946498,68709752084,2366134483,79.172,0.435
asmbase,2,18.014,29885990273,68425616781,2349523830,78.616,0.437
asmbase_nop,2,18.007,29885552658,68399366447,2349479560,78.616,0.437
a40,2,7.310,33027604184,27735576997,157416229,4.766,1.191
a40_nop,2,20.830,33122050966,79129055070,2718247595,82.068,0.419
a50,2,7.164,32591471396,27178830401,161862365,4.966,1.199
a50_nop,2,20.430,32684722272,77609005477,2671434669,81.733,0.421
a64,2,7.052,31950878233,26751429879,191361236,5.989,1.194
a64_nop,2,19.897,32040826156,75584095597,2597948646,81.082,0.424
a96,2,6.992,31269606241,26524944798,265033075,8.476,1.179
a96_nop,2,19.381,31356235582,73621070677,2532525033,80.766,0.426
a128,2,7.227,30919626245,27416152520,347225586,11.230,1.128
a128_nop,2,19.004,31001868702,72189944681,2484546268,80.142,0.429
a50d8k,2,7.123,32591193860,27023168838,166651033,5.113,1.206
a50d8k_nop,2,20.501,32684820830,77877972019,2678468271,81.948,0.420
seq_d4096_k10,2,11.730,31981270621,44535560044,1131595620,35.383,0.718
seq_d4096_k10_nop,2,19.725,32037018434,74931427862,2573396061,80.326,0.428
base,3,18.100,29886053259,68750314292,2365483905,79.150,0.435
asmbase,3,18.068,29885979798,68629834389,2356324010,78.844,0.435
asmbase_nop,3,18.030,29885729901,68484806987,2354109308,78.770,0.436
a40,3,7.298,33027605539,27686554276,158146274,4.788,1.193
a40_nop,3,20.808,33122202457,79048156628,2713243167,81.916,0.419
a50,3,7.172,32591627813,27208142052,161926280,4.968,1.198
a50_nop,3,20.423,32684592589,77583613987,2668854902,81.655,0.421
a64,3,7.027,31950494735,26656864432,191295129,5.987,1.199
a64_nop,3,19.894,32040418594,75573520889,2596531174,81.039,0.424
a96,3,7.033,31269813398,26680964917,262938583,8.409,1.172
a96_nop,3,19.360,31356242817,73540705894,2528213463,80.629,0.426
a128,3,7.181,30919269164,27241869092,345525998,11.175,1.135
a128_nop,3,19.005,31001915187,72192763135,2484575230,80.143,0.429
a50d8k,3,7.155,32591407766,27141841415,166100841,5.096,1.201
a50d8k_nop,3,20.491,32684622727,77839519019,2677042029,81.905,0.420
seq_d4096_k10,3,11.741,31980970430,44578378470,1134436460,35.472,0.717
seq_d4096_k10_nop,3,19.711,32036778719,74875173166,2569362130,80.200,0.428
