freq,rep,arm,elapsed,mpki
3.8ghz,1,nop,4.62,76.6
3.8ghz,1,pf,4.67,77.8
3.8ghz,2,nop,4.65,77.7
3.8ghz,2,pf,4.69,78.4
3.8ghz,3,nop,4.66,77.9
3.8ghz,3,pf,4.66,77.8
3.8ghz,4,nop,4.66,78.0
3.8ghz,4,pf,4.68,78.1
3.8ghz,5,nop,4.63,77.5
3.8ghz,5,pf,4.68,78.1
3.8ghz,6,nop,4.65,77.7
3.8ghz,6,pf,4.69,78.3
3.8ghz,7,nop,4.65,77.8
3.8ghz,7,pf,4.66,77.8
3.8ghz,8,nop,4.66,78.0
3.8ghz,8,pf,4.68,78.1
2ghz,1,nop,5.79,78.2
2ghz,1,pf,5.78,78.1
2ghz,2,nop,5.78,78.2
2ghz,2,pf,5.79,78.2
2ghz,3,nop,5.80,78.7
2ghz,3,pf,5.78,77.9
2ghz,4,nop,5.77,78.1
2ghz,4,pf,5.81,78.4
2ghz,5,nop,5.77,78.1
2ghz,5,pf,5.75,77.7
2ghz,6,nop,5.76,77.8
2ghz,6,pf,5.79,78.2
2ghz,7,nop,5.76,77.8
2ghz,7,pf,5.79,78.1
2ghz,8,nop,5.73,77.3
2ghz,8,pf,5.78,78.1
