variant,rep,arm,elapsed,mpki
mb_s4la16ref,1,nop,5.73,76.5
mb_s4la16ref,1,pf,5.47,71.6
dmb_s4la16,1,nop,0.02,0.6
dmb_s4la16,1,pf,0.02,0.6
mb_s3la16,1,nop,5.79,77.9
mb_s3la16,1,pf,5.85,78.8
mb_s5la16,1,nop,5.75,77.1
mb_s5la16,1,pf,5.63,74.6
mb_s4la16o64,1,nop,5.73,76.7
mb_s4la16o64,1,pf,5.67,75.4
mb_s4la16ref,2,nop,5.69,76.0
mb_s4la16ref,2,pf,5.42,70.7
dmb_s4la16,2,nop,0.02,0.6
dmb_s4la16,2,pf,0.02,0.6
mb_s3la16,2,nop,5.78,77.5
mb_s3la16,2,pf,5.88,79.2
mb_s5la16,2,nop,5.78,77.5
mb_s5la16,2,pf,5.67,75.4
mb_s4la16o64,2,nop,5.77,77.6
mb_s4la16o64,2,pf,5.63,75.1
mb_s4la16ref,3,nop,5.73,76.6
mb_s4la16ref,3,pf,5.48,72.0
dmb_s4la16,3,nop,0.02,0.6
dmb_s4la16,3,pf,0.02,0.5
mb_s3la16,3,nop,5.77,77.5
mb_s3la16,3,pf,5.81,78.4
mb_s5la16,3,nop,5.76,77.2
mb_s5la16,3,pf,5.60,74.3
mb_s4la16o64,3,nop,5.74,76.9
mb_s4la16o64,3,pf,5.66,75.3
mb_s4la16ref,4,nop,5.77,77.5
mb_s4la16ref,4,pf,5.43,71.1
dmb_s4la16,4,nop,0.02,0.6
dmb_s4la16,4,pf,0.02,0.6
mb_s3la16,4,nop,5.79,77.9
mb_s3la16,4,pf,5.85,78.6
mb_s5la16,4,nop,5.76,77.3
mb_s5la16,4,pf,5.66,75.4
mb_s4la16o64,4,nop,5.74,77.0
mb_s4la16o64,4,pf,5.66,75.4
mb_s4la16ref,5,nop,5.73,77.0
mb_s4la16ref,5,pf,5.42,70.7
dmb_s4la16,5,nop,0.02,0.5
dmb_s4la16,5,pf,0.02,0.6
mb_s3la16,5,nop,5.80,78.1
mb_s3la16,5,pf,5.84,78.6
mb_s5la16,5,nop,5.77,77.3
mb_s5la16,5,pf,5.65,75.0
mb_s4la16o64,5,nop,5.70,76.1
mb_s4la16o64,5,pf,5.68,75.9
