variant,rep,arm,elapsed
s4la20,1,nop,9.40
s4la20,1,pf,9.88
s4la24,1,nop,9.65
s4la24,1,pf,9.84
s4la16l2,1,nop,9.74
s4la16l2,1,pf,9.96
s4la20,2,nop,9.43
s4la20,2,pf,9.83
s4la24,2,nop,9.57
s4la24,2,pf,9.80
s4la16l2,2,nop,9.77
s4la16l2,2,pf,10.04
s4la20,3,nop,9.35
s4la20,3,pf,9.83
s4la24,3,nop,9.61
s4la24,3,pf,9.88
s4la16l2,3,nop,9.75
s4la16l2,3,pf,10.01
s4la20,4,nop,9.44
s4la20,4,pf,9.83
s4la24,4,nop,9.64
s4la24,4,pf,9.81
s4la16l2,4,nop,9.70
s4la16l2,4,pf,10.04
s4la20,5,nop,9.34
s4la20,5,pf,9.84
s4la24,5,nop,9.68
s4la24,5,pf,9.76
s4la16l2,5,nop,9.68
s4la16l2,5,pf,9.96
