arm,rep,rps,non2xx,p50_ms,p99_ms,instructions,cycles,l2i_miss,task_clock_ms
base,1,6019.22,0,3.81,11.49,33468362644,54621400532,748474297,18150.5
seq2k,1,6019.29,0,3.88,12.30,33972691287,55729150568,812608396,18503.1
seq2k_nop,1,6007.28,0,3.91,12.74,33959786574,55937714059,820965145,18578.8
base,2,6019.36,0,3.98,17.71,33539276782,53952649675,727006243,17971.5
seq2k,2,6019.32,0,3.89,13.10,34065467941,56202278622,814936880,18675.0
seq2k_nop,2,6007.29,0,4.10,15.81,33994485322,55344668698,798388805,18361.8
base,3,6019.25,0,3.87,11.33,33797694174,54529560948,746636584,18112.7
seq2k,3,6019.37,0,3.89,11.63,34190165170,56371489429,828200034,18681.0
seq2k_nop,3,6019.32,0,3.93,11.95,34176859022,56185972006,823847304,18646.3
