rank,samples,cumulative_samples,cumulative_coverage_pct,selected,source_resolved,function,file,line,addr,cacheline64,mangled,address_count
1,215,215,27.07808564231738,1,1,sw::redis::ConnectionPool::fetch(),/usr/lib/gcc/x86_64-linux-gnu/11/../../../../include/c++/11/tuple,301,0x25d04,0x25d00,_ZN2sw5redis14ConnectionPool5fetchEv,6
2,77,292,36.77581863979849,1,1,sw::redis::ConnectionPool::fetch(),/opt/src/redis-plus-plus/src/sw/redis++/connection_pool.cpp,130,0x25fd5,0x25fc0,_ZN2sw5redis14ConnectionPool5fetchEv,6
3,66,358,45.08816120906801,1,1,sw::redis::SafeConnection::~SafeConnection(),/usr/lib/gcc/x86_64-linux-gnu/11/../../../../include/c++/11/bits/unique_ptr.h,362,0x36f9b,0x36f80,_ZN2sw5redis14SafeConnectionD2Ev,2
4,42,400,50.377833753148614,1,1,sw::redis::ConnectionPool::fetch(),/opt/src/redis-plus-plus/src/sw/redis++/connection.h,129,0x25dd7,0x25dc0,_ZN2sw5redis14ConnectionPool5fetchEv,1
5,28,428,53.904282115869016,1,1,sw::redis::ConnectionPool::release(sw::redis::Connection),/opt/src/redis-plus-plus/src/sw/redis++/connection_pool.cpp,142,0x26694,0x26680,_ZN2sw5redis14ConnectionPool7releaseENS0_10ConnectionE,1
6,22,450,56.67506297229219,1,1,"sw::redis::CmdArgs& sw::redis::CmdArgs::operator<<<double const&, 0>(double const&)",/opt/src/redis-plus-plus/src/sw/redis++/command_args.h,127,0x1f2d0,0x1f2c0,_ZN2sw5redis7CmdArgslsIRKdTnNSt9enable_ifIXsr3std13is_arithmeticINSt5decayIT_E4typeEEE5valueEiE4typeELi0EEERS1_OS7_,2
7,21,471,59.3198992443325,1,1,sw::redis::ConnectionPool::fetch(),/opt/src/redis-plus-plus/src/sw/redis++/connection_pool.cpp,76,0x25c90,0x25c80,_ZN2sw5redis14ConnectionPool5fetchEv,2
8,19,490,61.712846347607055,1,1,sw::redis::Connection::recv(),/opt/src/redis-plus-plus/src/sw/redis++/connection.cpp,434,0x23521,0x23500,_ZN2sw5redis10Connection4recvEv,3
9,14,504,63.476070528967256,1,1,sw::redis::ConnectionPool::release(sw::redis::Connection),/usr/lib/gcc/x86_64-linux-gnu/11/../../../../include/x86_64-linux-gnu/c++/11/bits/gthr-default.h,779,0x266a3,0x26680,_ZN2sw5redis14ConnectionPool7releaseENS0_10ConnectionE,1
10,12,516,64.98740554156171,1,1,sw::redis::ConnectionPool::fetch(),/usr/lib/gcc/x86_64-linux-gnu/11/../../../../include/c++/11/bits/stl_deque.h,269,0x25cc5,0x25cc0,_ZN2sw5redis14ConnectionPool5fetchEv,1
11,11,527,66.37279596977329,1,1,"sw::redis::CmdArgs& sw::redis::CmdArgs::operator<<<double const&, 0>(double const&)",/usr/lib/gcc/x86_64-linux-gnu/11/../../../../include/c++/11/bits/basic_string.h,6734,0x1f2de,0x1f2c0,_ZN2sw5redis7CmdArgslsIRKdTnNSt9enable_ifIXsr3std13is_arithmeticINSt5decayIT_E4typeEEE5valueEiE4typeELi0EEERS1_OS7_,2
12,10,537,67.63224181360202,1,1,sw::redis::ConnectionPool::fetch(),/opt/src/redis-plus-plus/src/sw/redis++/connection_pool.cpp,256,0x25fed,0x25fc0,_ZN2sw5redis14ConnectionPool5fetchEv,3
13,9,546,68.76574307304786,1,1,sw::redis::ConnectionOptions::ConnectionOptions(sw::redis::ConnectionOptions&&),/opt/src/redis-plus-plus/src/sw/redis++/connection.h,51,0x248c6,0x248c0,_ZN2sw5redis17ConnectionOptionsC2EOS1_,2
14,8,554,69.77329974811083,1,1,sw::redis::Connection::recv(),/opt/src/redis-plus-plus/src/sw/redis++/connection.cpp,415,0x23470,0x23440,_ZN2sw5redis10Connection4recvEv,1
15,8,562,70.7808564231738,1,1,sw::redis::SafeConnection::~SafeConnection(),/opt/src/redis-plus-plus/src/sw/redis++/connection_pool.h,130,0x36fac,0x36f80,_ZN2sw5redis14SafeConnectionD2Ev,5
16,8,570,71.78841309823677,1,1,sw::redis::ConnectionOptions::ConnectionOptions(sw::redis::ConnectionOptions&&),/usr/lib/gcc/x86_64-linux-gnu/11/../../../../include/c++/11/bits/char_traits.h,437,0x2485c,0x24840,_ZN2sw5redis17ConnectionOptionsC2EOS1_,2
17,6,576,72.544080604534,1,1,sw::redis::ConnectionPool::release(sw::redis::Connection),/opt/src/redis-plus-plus/src/sw/redis++/connection_pool.cpp,138,0x26610,0x26600,_ZN2sw5redis14ConnectionPool7releaseENS0_10ConnectionE,2
18,6,582,73.29974811083123,1,1,sw::redis::ConnectionOptions::ConnectionOptions(sw::redis::ConnectionOptions&&),/usr/lib/gcc/x86_64-linux-gnu/11/../../../../include/c++/11/bits/char_traits.h,437,0x24984,0x24980,_ZN2sw5redis17ConnectionOptionsC2EOS1_,2
19,6,588,74.05541561712846,1,1,sw::redis::ConnectionOptions::~ConnectionOptions(),/opt/src/redis-plus-plus/src/sw/redis++/connection.h,54,0x23a10,0x23a00,_ZN2sw5redis17ConnectionOptionsD2Ev,1
20,6,594,74.81108312342569,1,1,std::__cxx11::to_string(long),/usr/lib/gcc/x86_64-linux-gnu/11/../../../../include/c++/11/bits/charconv.h,87,0x271cf,0x271c0,_ZNSt7__cxx119to_stringEl,1
21,6,600,75.56675062972292,1,1,sw::redis::ConnectionOptions::ConnectionOptions(sw::redis::ConnectionOptions&&),/opt/src/redis-plus-plus/src/sw/redis++/connection.h,51,0x24ad4,0x24ac0,_ZN2sw5redis17ConnectionOptionsC2EOS1_,1
22,5,605,76.19647355163728,0,1,sw::redis::Connection::recv(),/opt/src/redis-plus-plus/src/sw/redis++/connection.cpp,427,0x23510,0x23500,_ZN2sw5redis10Connection4recvEv,1
23,5,610,76.82619647355163,0,1,sw::redis::ConnectionOptions::ConnectionOptions(sw::redis::ConnectionOptions&&),/usr/lib/gcc/x86_64-linux-gnu/11/../../../../include/c++/11/bits/char_traits.h,437,0x248a5,0x24880,_ZN2sw5redis17ConnectionOptionsC2EOS1_,1
24,5,615,77.455919395466,0,1,sw::redis::ConnectionOptions::ConnectionOptions(sw::redis::ConnectionOptions&&),/usr/lib/gcc/x86_64-linux-gnu/11/../../../../include/c++/11/bits/basic_string.h,201,0x2483a,0x24800,_ZN2sw5redis17ConnectionOptionsC2EOS1_,1
25,5,620,78.08564231738035,0,1,sw::redis::ConnectionOptions::ConnectionOptions(sw::redis::ConnectionOptions&&),/opt/src/redis-plus-plus/src/sw/redis++/connection.h,51,0x247f4,0x247c0,_ZN2sw5redis17ConnectionOptionsC2EOS1_,1
26,5,625,78.71536523929471,0,1,sw::redis::ConnectionOptions::ConnectionOptions(sw::redis::ConnectionOptions&&),/usr/lib/gcc/x86_64-linux-gnu/11/../../../../include/c++/11/bits/char_traits.h,437,0x24aa7,0x24a80,_ZN2sw5redis17ConnectionOptionsC2EOS1_,2
27,5,630,79.34508816120906,0,1,sw::redis::ConnectionOptions::ConnectionOptions(sw::redis::ConnectionOptions&&),/usr/lib/gcc/x86_64-linux-gnu/11/../../../../include/c++/11/bits/basic_string.h,195,0x24842,0x24840,_ZN2sw5redis17ConnectionOptionsC2EOS1_,1
28,4,634,79.84886649874055,0,1,sw::redis::ConnectionOptions::ConnectionOptions(sw::redis::ConnectionOptions&&),/opt/src/redis-plus-plus/src/sw/redis++/connection.h,51,0x247b0,0x24780,_ZN2sw5redis17ConnectionOptionsC2EOS1_,1
29,4,638,80.35264483627203,0,1,sw::redis::ConnectionPool::fetch(),/opt/src/redis-plus-plus/src/sw/redis++/connection_pool.cpp,95,0x25d45,0x25d40,_ZN2sw5redis14ConnectionPool5fetchEv,1
30,4,642,80.85642317380352,0,1,sw::redis::ConnectionOptions::ConnectionOptions(sw::redis::ConnectionOptions&&),/usr/lib/gcc/x86_64-linux-gnu/11/../../../../include/c++/11/bits/basic_string.h,195,0x24a20,0x24a00,_ZN2sw5redis17ConnectionOptionsC2EOS1_,1
31,4,646,81.360201511335,0,1,"sw::redis::Redis::rpoplpush[abi:cxx11](sw::redis::StringView const&, sw::redis::StringView const&)",/usr/lib/gcc/x86_64-linux-gnu/11/../../../../include/c++/11/bits/stl_pair.h,233,0x2be8f,0x2be80,_ZN2sw5redis5Redis9rpoplpushB5cxx11ERKNS0_10StringViewES4_,1
32,4,650,81.86397984886649,0,1,sw::redis::SafeConnection::~SafeConnection(),/usr/lib/gcc/x86_64-linux-gnu/11/../../../../include/c++/11/bits/unique_ptr.h,362,0x36f68,0x36f40,_ZN2sw5redis14SafeConnectionD2Ev,2
33,4,654,82.36775818639798,0,1,sw::redis::ConnectionOptions::operator=(sw::redis::ConnectionOptions&&),/usr/lib/gcc/x86_64-linux-gnu/11/../../../../include/c++/11/bits/basic_string.h,921,0x24b84,0x24b80,_ZN2sw5redis17ConnectionOptionsaSEOS1_,1
34,4,658,82.87153652392946,0,1,sw::redis::ConnectionOptions::ConnectionOptions(sw::redis::ConnectionOptions&&),/usr/lib/gcc/x86_64-linux-gnu/11/../../../../include/c++/11/bits/char_traits.h,437,0x24a49,0x24a40,_ZN2sw5redis17ConnectionOptionsC2EOS1_,2
35,3,661,83.24937027707809,0,1,sw::redis::ConnectionOptions::ConnectionOptions(sw::redis::ConnectionOptions&&),/usr/lib/gcc/x86_64-linux-gnu/11/../../../../include/c++/11/bits/basic_string.h,195,0x24802,0x24800,_ZN2sw5redis17ConnectionOptionsC2EOS1_,1
36,3,664,83.62720403022671,0,1,"sw::redis::BoundedInterval<double>::BoundedInterval(double, double, sw::redis::BoundType)",/usr/lib/gcc/x86_64-linux-gnu/11/../../../../include/c++/11/bits/basic_string.h,230,0x1fab6,0x1fa80,_ZN2sw5redis15BoundedIntervalIdEC2EddNS0_9BoundTypeE,1
37,3,667,84.00503778337531,0,1,sw::redis::ConnectionOptions::ConnectionOptions(sw::redis::ConnectionOptions&&),/usr/lib/gcc/x86_64-linux-gnu/11/../../../../include/c++/11/bits/char_traits.h,437,0x2481f,0x24800,_ZN2sw5redis17ConnectionOptionsC2EOS1_,2
38,3,670,84.38287153652394,0,1,sw::redis::ConnectionOptions::ConnectionOptions(sw::redis::ConnectionOptions&&),/usr/lib/gcc/x86_64-linux-gnu/11/../../../../include/c++/11/bits/basic_string.h,568,0x24893,0x24880,_ZN2sw5redis17ConnectionOptionsC2EOS1_,1
39,3,673,84.76070528967254,0,1,sw::redis::ConnectionOptions::ConnectionOptions(sw::redis::ConnectionOptions&&),/usr/lib/gcc/x86_64-linux-gnu/11/../../../../include/c++/11/bits/char_traits.h,437,0x249e5,0x249c0,_ZN2sw5redis17ConnectionOptionsC2EOS1_,1
40,3,676,85.13853904282117,0,1,sw::redis::ConnectionPool::release(sw::redis::Connection),/opt/src/redis-plus-plus/src/sw/redis++/connection_pool.cpp,145,0x266be,0x26680,_ZN2sw5redis14ConnectionPool7releaseENS0_10ConnectionE,2
41,3,679,85.51637279596977,0,1,sw::redis::ConnectionOptions::~ConnectionOptions(),/usr/lib/gcc/x86_64-linux-gnu/11/../../../../include/c++/11/bits/basic_string.h,239,0x23a25,0x23a00,_ZN2sw5redis17ConnectionOptionsD2Ev,1
42,3,682,85.8942065491184,0,1,sw::redis::SafeConnection::~SafeConnection(),/opt/src/redis-plus-plus/src/sw/redis++/connection_pool.h,129,0x36ee1,0x36ec0,_ZN2sw5redis14SafeConnectionD2Ev,1
43,3,685,86.272040302267,0,1,sw::redis::ConnectionOptions::~ConnectionOptions(),/usr/lib/gcc/x86_64-linux-gnu/11/../../../../include/c++/11/bits/basic_string.h,211,0x23ab8,0x23a80,_ZN2sw5redis17ConnectionOptionsD2Ev,1
44,3,688,86.64987405541562,0,1,sw::redis::Connection::recv(),/opt/src/redis-plus-plus/src/sw/redis++/connection.cpp,421,0x2349e,0x23480,_ZN2sw5redis10Connection4recvEv,2
45,3,691,87.02770780856423,0,1,"sw::redis::CmdArgs& sw::redis::CmdArgs::operator<<<double const&, 0>(double const&)",/usr/lib/gcc/x86_64-linux-gnu/11/../../../../include/c++/11/bits/stl_list.h,409,0x1f35f,0x1f340,_ZN2sw5redis7CmdArgslsIRKdTnNSt9enable_ifIXsr3std13is_arithmeticINSt5decayIT_E4typeEEE5valueEiE4typeELi0EEERS1_OS7_,1
46,3,694,87.40554156171285,0,1,sw::redis::SafeConnection::~SafeConnection(),/opt/src/redis-plus-plus/src/sw/redis++/connection_pool.h,128,0x36ed0,0x36ec0,_ZN2sw5redis14SafeConnectionD2Ev,1
47,3,697,87.78337531486146,0,1,"sw::redis::CmdArgs& sw::redis::CmdArgs::operator<<<double const&, 0>(double const&)",/usr/lib/gcc/x86_64-linux-gnu/11/../../../../include/c++/11/ext/new_allocator.h,127,0x1f2fd,0x1f2c0,_ZN2sw5redis7CmdArgslsIRKdTnNSt9enable_ifIXsr3std13is_arithmeticINSt5decayIT_E4typeEEE5valueEiE4typeELi0EEERS1_OS7_,1
48,2,699,88.0352644836272,0,1,sw::redis::ConnectionOptions::ConnectionOptions(sw::redis::ConnectionOptions&&),/usr/lib/gcc/x86_64-linux-gnu/11/../../../../include/c++/11/bits/basic_string.h,576,0x247cd,0x247c0,_ZN2sw5redis17ConnectionOptionsC2EOS1_,1
49,2,701,88.28715365239294,0,1,sw::redis::ConnectionOptions::ConnectionOptions(sw::redis::ConnectionOptions&&),/usr/lib/gcc/x86_64-linux-gnu/11/../../../../include/c++/11/bits/basic_string.h,568,0x24a31,0x24a00,_ZN2sw5redis17ConnectionOptionsC2EOS1_,1
50,2,703,88.53904282115869,0,1,sw::redis::ConnectionOptions::ConnectionOptions(sw::redis::ConnectionOptions&&),/usr/lib/gcc/x86_64-linux-gnu/11/../../../../include/c++/11/bits/basic_string.h,195,0x24885,0x24880,_ZN2sw5redis17ConnectionOptionsC2EOS1_,1
51,2,705,88.79093198992443,0,1,sw::redis::ConnectionPool::fetch(),/usr/lib/gcc/x86_64-linux-gnu/11/../../../../include/c++/11/chrono,778,0x25e11,0x25e00,_ZN2sw5redis14ConnectionPool5fetchEv,1
52,2,707,89.04282115869017,0,1,sw::redis::ConnectionOptions::ConnectionOptions(sw::redis::ConnectionOptions&&),/usr/lib/gcc/x86_64-linux-gnu/11/../../../../include/c++/11/bits/basic_string.h,568,0x2496f,0x24940,_ZN2sw5redis17ConnectionOptionsC2EOS1_,1
53,2,709,89.29471032745592,0,1,sw::redis::ConnectionPool::fetch(),/usr/lib/gcc/x86_64-linux-gnu/11/../../../../include/c++/11/bits/shared_ptr_base.h,184,0x25fa9,0x25f80,_ZN2sw5redis14ConnectionPool5fetchEv,1
54,2,711,89.54659949622166,0,1,sw::redis::ConnectionOptions::ConnectionOptions(sw::redis::ConnectionOptions&&),/usr/lib/gcc/x86_64-linux-gnu/11/../../../../include/c++/11/bits/basic_string.h,195,0x248fd,0x248c0,_ZN2sw5redis17ConnectionOptionsC2EOS1_,1
55,2,713,89.7984886649874,0,1,sw::redis::ConnectionPool::fetch(),/usr/lib/gcc/x86_64-linux-gnu/11/../../../../include/c++/11/bits/unique_lock.h,192,0x2602f,0x26000,_ZN2sw5redis14ConnectionPool5fetchEv,2
56,2,715,90.05037783375315,0,1,sw::redis::ConnectionOptions::~ConnectionOptions(),/usr/lib/gcc/x86_64-linux-gnu/11/../../../../include/c++/11/bits/basic_string.h,211,0x23a7f,0x23a40,_ZN2sw5redis17ConnectionOptionsD2Ev,1
57,2,717,90.30226700251889,0,1,sw::redis::ConnectionOptions::ConnectionOptions(sw::redis::ConnectionOptions&&),/usr/lib/gcc/x86_64-linux-gnu/11/../../../../include/c++/11/bits/basic_string.h,191,0x248af,0x24880,_ZN2sw5redis17ConnectionOptionsC2EOS1_,1
58,2,719,90.55415617128463,0,1,sw::redis::ConnectionOptions::ConnectionOptions(sw::redis::ConnectionOptions&&),/usr/lib/gcc/x86_64-linux-gnu/11/../../../../include/c++/11/bits/basic_string.h,191,0x247e8,0x247c0,_ZN2sw5redis17ConnectionOptionsC2EOS1_,1
59,2,721,90.80604534005037,0,1,sw::redis::ConnectionOptions::ConnectionOptions(sw::redis::ConnectionOptions&&),/usr/lib/gcc/x86_64-linux-gnu/11/../../../../include/c++/11/bits/basic_string.h,195,0x2495e,0x24940,_ZN2sw5redis17ConnectionOptionsC2EOS1_,1
60,2,723,91.05793450881612,0,1,sw::redis::ConnectionPool::release(sw::redis::Connection),/usr/lib/gcc/x86_64-linux-gnu/11/../../../../include/x86_64-linux-gnu/c++/11/bits/gthr-default.h,779,0x266d4,0x266c0,_ZN2sw5redis14ConnectionPool7releaseENS0_10ConnectionE,1
61,2,725,91.30982367758186,0,1,sw::redis::ConnectionOptions::ConnectionOptions(sw::redis::ConnectionOptions&&),/usr/lib/gcc/x86_64-linux-gnu/11/../../../../include/c++/11/bits/basic_string.h,191,0x24991,0x24980,_ZN2sw5redis17ConnectionOptionsC2EOS1_,2
62,2,727,91.5617128463476,0,1,sw::redis::ConnectionOptions::ConnectionOptions(sw::redis::ConnectionOptions&&),/usr/lib/gcc/x86_64-linux-gnu/11/../../../../include/c++/11/bits/basic_string.h,195,0x249bf,0x24980,_ZN2sw5redis17ConnectionOptionsC2EOS1_,1
63,2,729,91.81360201511335,0,1,sw::redis::ConnectionPool::_move(sw::redis::ConnectionPool&&),/usr/lib/gcc/x86_64-linux-gnu/11/../../../../include/c++/11/bits/move.h,206,0x25a92,0x25a80,_ZN2sw5redis14ConnectionPool5_moveEOS1_,1
64,2,731,92.06549118387909,0,1,sw::redis::Connection::recv(),/usr/lib/gcc/x86_64-linux-gnu/11/../../../../include/c++/11/bits/unique_ptr.h,155,0x23514,0x23500,_ZN2sw5redis10Connection4recvEv,1
65,2,733,92.31738035264483,0,1,sw::redis::ConnectionOptions::~ConnectionOptions(),/usr/lib/gcc/x86_64-linux-gnu/11/../../../../include/c++/11/bits/basic_string.h,195,0x23a32,0x23a00,_ZN2sw5redis17ConnectionOptionsD2Ev,2
66,2,735,92.56926952141058,0,1,sw::redis::Connection::send(sw::redis::CmdArgs&),/opt/src/redis-plus-plus/src/sw/redis++/connection.cpp,400,0x23390,0x23380,_ZN2sw5redis10Connection4sendERNS0_7CmdArgsE,1
67,2,737,92.82115869017632,0,1,sw::redis::Connection::send(sw::redis::CmdArgs&),/opt/src/redis-plus-plus/src/sw/redis++/connection.cpp,413,0x2343f,0x23400,_ZN2sw5redis10Connection4sendERNS0_7CmdArgsE,1
68,2,739,93.07304785894206,0,1,sw::redis::ConnectionOptions::ConnectionOptions(sw::redis::ConnectionOptions&&),/usr/lib/gcc/x86_64-linux-gnu/11/../../../../include/c++/11/bits/basic_string.h,195,0x24a81,0x24a80,_ZN2sw5redis17ConnectionOptionsC2EOS1_,1
69,2,741,93.3249370277078,0,1,"sw::redis::CmdArgs& sw::redis::CmdArgs::operator<<<double const&, 0>(double const&)",/opt/src/redis-plus-plus/src/sw/redis++/utils.h,71,0x1f37d,0x1f340,_ZN2sw5redis7CmdArgslsIRKdTnNSt9enable_ifIXsr3std13is_arithmeticINSt5decayIT_E4typeEEE5valueEiE4typeELi0EEERS1_OS7_,2
70,2,743,93.57682619647355,0,1,sw::redis::ConnectionPool::fetch(),/opt/src/redis-plus-plus/src/sw/redis++/connection_pool.cpp,252,0x25ddb,0x25dc0,_ZN2sw5redis14ConnectionPool5fetchEv,1
71,2,745,93.82871536523929,0,1,sw::redis::ConnectionOptions::ConnectionOptions(sw::redis::ConnectionOptions&&),/usr/lib/gcc/x86_64-linux-gnu/11/../../../../include/c++/11/bits/basic_string.h,568,0x249d0,0x249c0,_ZN2sw5redis17ConnectionOptionsC2EOS1_,1
72,2,747,94.08060453400503,0,1,sw::redis::ConnectionOptions::ConnectionOptions(sw::redis::ConnectionOptions&&),/usr/lib/gcc/x86_64-linux-gnu/11/../../../../include/c++/11/bits/basic_string.h,219,0x247d4,0x247c0,_ZN2sw5redis17ConnectionOptionsC2EOS1_,2
73,1,748,94.20654911838791,0,1,sw::redis::Connection::send(sw::redis::CmdArgs&),/opt/src/redis-plus-plus/src/sw/redis++/connection.h,221,0x233a4,0x23380,_ZN2sw5redis10Connection4sendERNS0_7CmdArgsE,1
74,1,749,94.33249370277078,0,1,sw::redis::ConnectionOptions::ConnectionOptions(sw::redis::ConnectionOptions&&),/usr/lib/gcc/x86_64-linux-gnu/11/../../../../include/c++/11/bits/basic_string.h,201,0x249b1,0x24980,_ZN2sw5redis17ConnectionOptionsC2EOS1_,1
75,1,750,94.45843828715365,0,1,"sw::redis::ConnectionPool::_create(sw::redis::SimpleSentinel&, sw::redis::ConnectionOptions const&, bool)",/opt/src/redis-plus-plus/src/sw/redis++/connection_pool.cpp,222,0x26607,0x26600,_ZN2sw5redis14ConnectionPool7_createERNS0_14SimpleSentinelERKNS0_17ConnectionOptionsEb,1
76,1,751,94.58438287153652,0,1,sw::redis::ConnectionOptions::~ConnectionOptions(),/usr/lib/gcc/x86_64-linux-gnu/11/../../../../include/c++/11/ext/new_allocator.h,145,0x23a43,0x23a40,_ZN2sw5redis17ConnectionOptionsD2Ev,1
77,1,752,94.7103274559194,0,1,sw::redis::SafeConnection::~SafeConnection(),/opt/src/redis-plus-plus/src/sw/redis++/connection.h,120,0x36f00,0x36f00,_ZN2sw5redis14SafeConnectionD2Ev,1
78,1,753,94.83627204030226,0,1,sw::redis::ConnectionOptions::~ConnectionOptions(),/usr/lib/gcc/x86_64-linux-gnu/11/../../../../include/c++/11/ext/new_allocator.h,145,0x23a9d,0x23a80,_ZN2sw5redis17ConnectionOptionsD2Ev,1
79,1,754,94.96221662468514,0,1,sw::redis::ConnectionPool::fetch(),/usr/lib/gcc/x86_64-linux-gnu/11/../../../../include/c++/11/bits/shared_ptr_base.h,1300,0x25d4c,0x25d40,_ZN2sw5redis14ConnectionPool5fetchEv,1
80,1,755,95.088161209068,0,1,sw::redis::ConnectionOptions::ConnectionOptions(sw::redis::ConnectionOptions&&),/usr/lib/gcc/x86_64-linux-gnu/11/../../../../include/c++/11/bits/basic_string.h,201,0x24a12,0x24a00,_ZN2sw5redis17ConnectionOptionsC2EOS1_,1
81,1,756,95.21410579345088,0,1,sw::redis::ConnectionPool::fetch(),/opt/src/redis-plus-plus/src/sw/redis++/connection_pool.cpp,80,0x25cd9,0x25cc0,_ZN2sw5redis14ConnectionPool5fetchEv,1
82,1,757,95.34005037783375,0,1,"sw::redis::CmdArgs& sw::redis::CmdArgs::operator<<<double const&, 0>(double const&)",/opt/src/redis-plus-plus/src/sw/redis++/command_args.h,140,0x1f337,0x1f300,_ZN2sw5redis7CmdArgslsIRKdTnNSt9enable_ifIXsr3std13is_arithmeticINSt5decayIT_E4typeEEE5valueEiE4typeELi0EEERS1_OS7_,1
83,1,758,95.46599496221663,0,1,"sw::redis::CmdArgs& sw::redis::CmdArgs::operator<<<double const&, 0>(double const&)",/usr/lib/gcc/x86_64-linux-gnu/11/../../../../include/c++/11/bits/basic_string.h,201,0x1f309,0x1f300,_ZN2sw5redis7CmdArgslsIRKdTnNSt9enable_ifIXsr3std13is_arithmeticINSt5decayIT_E4typeEEE5valueEiE4typeELi0EEERS1_OS7_,1
84,1,759,95.59193954659949,0,1,sw::redis::ConnectionOptions::ConnectionOptions(sw::redis::ConnectionOptions&&),/usr/lib/gcc/x86_64-linux-gnu/11/../../../../include/c++/11/bits/basic_string.h,191,0x24930,0x24900,_ZN2sw5redis17ConnectionOptionsC2EOS1_,1
85,1,760,95.71788413098237,0,1,sw::redis::ConnectionPool::fetch(),/usr/lib/gcc/x86_64-linux-gnu/11/../../../../include/c++/11/bits/unique_lock.h,193,0x25dc5,0x25dc0,_ZN2sw5redis14ConnectionPool5fetchEv,1
86,1,761,95.84382871536523,0,1,"sw::redis::CmdArgs& sw::redis::CmdArgs::operator<<<double const&, 0>(double const&)",/usr/lib/gcc/x86_64-linux-gnu/11/../../../../include/c++/11/bits/stl_list.h,1913,0x1f35c,0x1f340,_ZN2sw5redis7CmdArgslsIRKdTnNSt9enable_ifIXsr3std13is_arithmeticINSt5decayIT_E4typeEEE5valueEiE4typeELi0EEERS1_OS7_,1
87,1,762,95.96977329974811,0,1,"sw::redis::CmdArgs& sw::redis::CmdArgs::operator<<<double const&, 0>(double const&)",/usr/lib/gcc/x86_64-linux-gnu/11/../../../../include/c++/11/bits/char_traits.h,437,0x1f334,0x1f300,_ZN2sw5redis7CmdArgslsIRKdTnNSt9enable_ifIXsr3std13is_arithmeticINSt5decayIT_E4typeEEE5valueEiE4typeELi0EEERS1_OS7_,1
88,1,763,96.09571788413098,0,1,sw::redis::ConnectionOptions::ConnectionOptions(sw::redis::ConnectionOptions&&),/usr/lib/gcc/x86_64-linux-gnu/11/../../../../include/c++/11/bits/basic_string.h,201,0x247fa,0x247c0,_ZN2sw5redis17ConnectionOptionsC2EOS1_,1
89,1,764,96.22166246851386,0,1,sw::redis::ConnectionPool::ConnectionPool(sw::redis::ConnectionPool&&),/usr/lib/gcc/x86_64-linux-gnu/11/../../../../include/c++/11/bits/std_mutex.h,63,0x257ee,0x257c0,_ZN2sw5redis14ConnectionPoolC2EOS1_,1
90,1,765,96.34760705289672,0,1,"sw::redis::CmdArgs& sw::redis::CmdArgs::operator<<<double const&, 0>(double const&)",/usr/lib/gcc/x86_64-linux-gnu/11/../../../../include/c++/11/bits/stl_list.h,235,0x1f363,0x1f340,_ZN2sw5redis7CmdArgslsIRKdTnNSt9enable_ifIXsr3std13is_arithmeticINSt5decayIT_E4typeEEE5valueEiE4typeELi0EEERS1_OS7_,1
91,1,766,96.4735516372796,0,1,sw::redis::Connection::recv(),/opt/src/redis-plus-plus/src/sw/redis++/connection.cpp,429,0x2351a,0x23500,_ZN2sw5redis10Connection4recvEv,1
92,1,767,96.59949622166246,0,1,sw::redis::ConnectionPool::fetch(),/opt/src/redis-plus-plus/src/sw/redis++/connection_pool.cpp,79,0x25cd3,0x25cc0,_ZN2sw5redis14ConnectionPool5fetchEv,1
93,1,768,96.72544080604534,0,1,sw::redis::ConnectionOptions::ConnectionOptions(sw::redis::ConnectionOptions&&),/usr/lib/gcc/x86_64-linux-gnu/11/../../../../include/c++/11/bits/basic_string.h,191,0x24a53,0x24a40,_ZN2sw5redis17ConnectionOptionsC2EOS1_,1
94,1,769,96.8513853904282,0,1,sw::redis::SafeConnection::~SafeConnection(),/usr/lib/gcc/x86_64-linux-gnu/11/../../../../include/c++/11/tuple,301,0x36ef0,0x36ec0,_ZN2sw5redis14SafeConnectionD2Ev,1
95,1,770,96.97732997481108,0,1,"sw::redis::CmdArgs& sw::redis::CmdArgs::operator<<<double const&, 0>(double const&)",/usr/lib/gcc/x86_64-linux-gnu/11/../../../../include/c++/11/bits/basic_string.h,195,0x1f316,0x1f300,_ZN2sw5redis7CmdArgslsIRKdTnNSt9enable_ifIXsr3std13is_arithmeticINSt5decayIT_E4typeEEE5valueEiE4typeELi0EEERS1_OS7_,1
96,1,771,97.10327455919395,0,1,sw::redis::ConnectionOptions::~ConnectionOptions(),/usr/lib/gcc/x86_64-linux-gnu/11/../../../../include/c++/11/bits/basic_string.h,195,0x23a61,0x23a40,_ZN2sw5redis17ConnectionOptionsD2Ev,1
97,1,772,97.22921914357683,0,1,sw::redis::ConnectionPool::connection_options(),/usr/lib/gcc/x86_64-linux-gnu/11/../../../../include/x86_64-linux-gnu/c++/11/bits/gthr-default.h,749,0x266f9,0x266c0,_ZN2sw5redis14ConnectionPool18connection_optionsEv,1
98,1,773,97.35516372795969,0,1,sw::redis::SafeConnection::~SafeConnection(),/usr/lib/gcc/x86_64-linux-gnu/11/../../../../include/c++/11/bits/unique_ptr.h,360,0x36f94,0x36f80,_ZN2sw5redis14SafeConnectionD2Ev,1
99,1,774,97.48110831234257,0,1,sw::redis::SafeConnection::~SafeConnection(),/usr/lib/gcc/x86_64-linux-gnu/11/../../../../include/c++/11/tuple,301,0x36f0f,0x36f00,_ZN2sw5redis14SafeConnectionD2Ev,1
100,1,775,97.60705289672543,0,1,sw::redis::ConnectionOptions::ConnectionOptions(sw::redis::ConnectionOptions&&),/usr/lib/gcc/x86_64-linux-gnu/11/../../../../include/c++/11/bits/char_traits.h,437,0x24923,0x24900,_ZN2sw5redis17ConnectionOptionsC2EOS1_,1
101,1,776,97.73299748110831,0,1,sw::redis::ConnectionPool::fetch(),/usr/lib/gcc/x86_64-linux-gnu/11/../../../../include/c++/11/bits/shared_ptr_base.h,180,0x26022,0x26000,_ZN2sw5redis14ConnectionPool5fetchEv,1
102,1,777,97.85894206549118,0,1,sw::redis::ConnectionOptions::ConnectionOptions(sw::redis::ConnectionOptions&&),/usr/lib/gcc/x86_64-linux-gnu/11/../../../../include/c++/11/bits/basic_string.h,168,0x24a7a,0x24a40,_ZN2sw5redis17ConnectionOptionsC2EOS1_,1
103,1,778,97.98488664987406,0,1,sw::redis::Connection::send(sw::redis::CmdArgs&),/opt/src/redis-plus-plus/src/sw/redis++/connection.cpp,405,0x233c7,0x233c0,_ZN2sw5redis10Connection4sendERNS0_7CmdArgsE,1
104,1,779,98.11083123425692,0,1,sw::redis::ConnectionOptions::ConnectionOptions(sw::redis::ConnectionOptions&&),/usr/lib/gcc/x86_64-linux-gnu/11/../../../../include/c++/11/bits/basic_string.h,191,0x24866,0x24840,_ZN2sw5redis17ConnectionOptionsC2EOS1_,1
105,1,780,98.2367758186398,0,1,sw::redis::ConnectionOptions::ConnectionOptions(sw::redis::ConnectionOptions&&),/usr/lib/gcc/x86_64-linux-gnu/11/../../../../include/c++/11/bits/basic_string.h,191,0x24acc,0x24ac0,_ZN2sw5redis17ConnectionOptionsC2EOS1_,1
106,1,781,98.36272040302266,0,1,sw::redis::SafeConnection::~SafeConnection(),/usr/lib/gcc/x86_64-linux-gnu/11/../../../../include/c++/11/bits/unique_ptr.h,360,0x36f2d,0x36f00,_ZN2sw5redis14SafeConnectionD2Ev,1
107,1,782,98.48866498740554,0,1,sw::redis::ConnectionOptions::ConnectionOptions(sw::redis::ConnectionOptions&&),/usr/lib/gcc/x86_64-linux-gnu/11/../../../../include/c++/11/bits/basic_string.h,168,0x247b8,0x24780,_ZN2sw5redis17ConnectionOptionsC2EOS1_,1
108,1,783,98.6146095717884,0,1,"sw::redis::CmdArgs& sw::redis::CmdArgs::operator<<<double const&, 0>(double const&)",/opt/src/redis-plus-plus/src/sw/redis++/command_args.h,128,0x1f39b,0x1f380,_ZN2sw5redis7CmdArgslsIRKdTnNSt9enable_ifIXsr3std13is_arithmeticINSt5decayIT_E4typeEEE5valueEiE4typeELi0EEERS1_OS7_,1
109,1,784,98.74055415617129,0,1,sw::redis::Connection::recv(),/opt/src/redis-plus-plus/src/sw/redis++/reply.h,98,0x23517,0x23500,_ZN2sw5redis10Connection4recvEv,1
110,1,785,98.86649874055415,0,1,sw::redis::ConnectionPool::fetch(),/usr/lib/gcc/x86_64-linux-gnu/11/../../../../include/c++/11/bits/unique_lock.h,70,0x25cc0,0x25cc0,_ZN2sw5redis14ConnectionPool5fetchEv,1
111,1,786,98.99244332493703,0,1,sw::redis::SafeConnection::~SafeConnection(),/usr/lib/gcc/x86_64-linux-gnu/11/../../../../include/c++/11/bits/unique_ptr.h,362,0x36f3f,0x36f00,_ZN2sw5redis14SafeConnectionD2Ev,1
112,1,787,99.11838790931989,0,1,sw::redis::ConnectionPool::release(sw::redis::Connection),/usr/lib/gcc/x86_64-linux-gnu/11/../../../../include/c++/11/bits/deque.tcc,167,0x2663c,0x26600,_ZN2sw5redis14ConnectionPool7releaseENS0_10ConnectionE,1
113,1,788,99.24433249370277,0,1,sw::redis::ConnectionPool::fetch(),/usr/lib/gcc/x86_64-linux-gnu/11/../../../../include/c++/11/bits/std_mutex.h,104,0x26029,0x26000,_ZN2sw5redis14ConnectionPool5fetchEv,1
114,1,789,99.37027707808564,0,1,sw::redis::SafeConnection::~SafeConnection(),/usr/lib/gcc/x86_64-linux-gnu/11/../../../../include/c++/11/bits/unique_ptr.h,163,0x36f22,0x36f00,_ZN2sw5redis14SafeConnectionD2Ev,1
115,1,790,99.49622166246851,0,0,sw::redis::ConnectionPool::fetch(),/opt/src/redis-plus-plus/src/sw/redis++/connection_pool.cpp,0,0x25cfd,0x25cc0,_ZN2sw5redis14ConnectionPool5fetchEv,1
116,1,791,99.62216624685138,0,1,"sw::redis::CmdArgs& sw::redis::CmdArgs::operator<<<double const&, 0>(double const&)",/usr/lib/gcc/x86_64-linux-gnu/11/../../../../include/c++/11/bits/basic_string.h,219,0x1f32d,0x1f300,_ZN2sw5redis7CmdArgslsIRKdTnNSt9enable_ifIXsr3std13is_arithmeticINSt5decayIT_E4typeEEE5valueEiE4typeELi0EEERS1_OS7_,1
117,1,792,99.74811083123426,0,1,sw::redis::ConnectionOptions::~ConnectionOptions(),/usr/lib/gcc/x86_64-linux-gnu/11/../../../../include/c++/11/bits/basic_string.h,239,0x23a6e,0x23a40,_ZN2sw5redis17ConnectionOptionsD2Ev,1
118,1,793,99.87405541561712,0,1,sw::redis::ConnectionOptions::ConnectionOptions(sw::redis::ConnectionOptions&&),/usr/lib/gcc/x86_64-linux-gnu/11/../../../../include/c++/11/bits/basic_string.h,191,0x24ab4,0x24a80,_ZN2sw5redis17ConnectionOptionsC2EOS1_,1
119,1,794,100.0,0,1,sw::redis::ConnectionOptions::ConnectionOptions(sw::redis::ConnectionOptions&&),/usr/lib/gcc/x86_64-linux-gnu/11/../../../../include/c++/11/bits/basic_string.h,191,0x249f2,0x249c0,_ZN2sw5redis17ConnectionOptionsC2EOS1_,1
