target_rank,site_rank,target_function,target_file,target_line,target_cacheline64,site_function,site_file,site_line,site_cacheline64,branch_type,lbr_depth,samples,new_covered_samples,cumulative_coverage_pct,target_mangled,site_mangled
1,1,sw::redis::ConnectionPool::fetch(),/usr/lib/gcc/x86_64-linux-gnu/11/../../../../include/c++/11/tuple,301,0x25d00,__gthread_mutex_lock(pthread_mutex_t*),/usr/lib/gcc/x86_64-linux-gnu/11/../../../../include/x86_64-linux-gnu/c++/11/bits/gthr-default.h,749,0x25c80,CALL,4,192,192,89.3023,_ZN2sw5redis14ConnectionPool5fetchEv,_ZN2sw5redis14ConnectionPool5fetchEv
1,2,sw::redis::ConnectionPool::fetch(),/usr/lib/gcc/x86_64-linux-gnu/11/../../../../include/c++/11/tuple,301,0x25d00,"std::__cxx11::basic_string<char, std::char_traits<char>, std::allocator<char>>::basic_string(std::__cxx11::basic_string<char, std::char_traits<char>, std::allocator<char>>&&)",/usr/lib/gcc/x86_64-linux-gnu/11/../../../../include/c++/11/bits/basic_string.h,568,0x24840,COND,8,23,23,100.0000,_ZN2sw5redis14ConnectionPool5fetchEv,_ZN2sw5redis17ConnectionOptionsC2EOS1_
2,1,sw::redis::ConnectionPool::fetch(),/opt/src/redis-plus-plus/src/sw/redis++/connection_pool.cpp,130,0x25fc0,"bool std::chrono::operator<<long, std::ratio<1l, 1000l>, long, std::ratio<1l, 1000000000l>>(std::chrono::duration<long, std::ratio<1l, 1000l>> const&, std::chrono::duration<long, std::ratio<1l, 1000000000l>> const&)",/usr/lib/gcc/x86_64-linux-gnu/11/../../../../include/c++/11/chrono,778,0x25e00,UNCOND,2,77,77,100.0000,_ZN2sw5redis14ConnectionPool5fetchEv,_ZN2sw5redis14ConnectionPool5fetchEv
3,1,sw::redis::SafeConnection::~SafeConnection(),/usr/lib/gcc/x86_64-linux-gnu/11/../../../../include/c++/11/bits/unique_ptr.h,362,0x36f80,"std::__cxx11::basic_string<char, std::char_traits<char>, std::allocator<char>>::_M_local_data() const",/usr/lib/gcc/x86_64-linux-gnu/11/../../../../include/c++/11/bits/basic_string.h,211,0x23a40,COND,8,66,66,100.0000,_ZN2sw5redis14SafeConnectionD2Ev,_ZN2sw5redis17ConnectionOptionsD2Ev
4,1,sw::redis::ConnectionPool::fetch(),/opt/src/redis-plus-plus/src/sw/redis++/connection.h,129,0x25dc0,sw::redis::ConnectionPool::fetch(),/opt/src/redis-plus-plus/src/sw/redis++/connection_pool.cpp,97,0x25d40,COND,6,42,42,100.0000,_ZN2sw5redis14ConnectionPool5fetchEv,_ZN2sw5redis14ConnectionPool5fetchEv
5,1,sw::redis::ConnectionPool::release(sw::redis::Connection),/opt/src/redis-plus-plus/src/sw/redis++/connection_pool.cpp,142,0x26680,"std::__cxx11::basic_string<char, std::char_traits<char>, std::allocator<char>>::basic_string(std::__cxx11::basic_string<char, std::char_traits<char>, std::allocator<char>>&&)",/usr/lib/gcc/x86_64-linux-gnu/11/../../../../include/c++/11/bits/basic_string.h,568,0x24a00,COND,8,28,28,100.0000,_ZN2sw5redis14ConnectionPool7releaseENS0_10ConnectionE,_ZN2sw5redis17ConnectionOptionsC2EOS1_
6,1,"sw::redis::CmdArgs& sw::redis::CmdArgs::operator<<<double const&, 0>(double const&)",/opt/src/redis-plus-plus/src/sw/redis++/command_args.h,127,0x1f2c0,"sw::redis::cmd::geodist(sw::redis::Connection&, sw::redis::StringView const&, sw::redis::StringView const&, sw::redis::StringView const&, sw::redis::GeoUnit)",/opt/src/redis-plus-plus/src/sw/redis++/command.cpp,109,0x1e300,UNCOND,3,20,20,90.9091,_ZN2sw5redis7CmdArgslsIRKdTnNSt9enable_ifIXsr3std13is_arithmeticINSt5decayIT_E4typeEEE5valueEiE4typeELi0EEERS1_OS7_,_ZN2sw5redis3cmd7geodistERNS0_10ConnectionERKNS0_10StringViewES6_S6_NS0_7GeoUnitE
6,2,"sw::redis::CmdArgs& sw::redis::CmdArgs::operator<<<double const&, 0>(double const&)",/opt/src/redis-plus-plus/src/sw/redis++/command_args.h,127,0x1f2c0,"unsigned int std::__detail::__to_chars_len<unsigned long long>(unsigned long long, int)",/usr/lib/gcc/x86_64-linux-gnu/11/../../../../include/c++/11/bits/charconv.h,60,0x1f0c0,CALL,5,2,2,100.0000,_ZN2sw5redis7CmdArgslsIRKdTnNSt9enable_ifIXsr3std13is_arithmeticINSt5decayIT_E4typeEEE5valueEiE4typeELi0EEERS1_OS7_,_ZN2sw5redis7CmdArgslsIRxTnNSt9enable_ifIXsr3std13is_arithmeticINSt5decayIT_E4typeEEE5valueEiE4typeELi0EEERS1_OS6_
8,1,sw::redis::Connection::recv(),/opt/src/redis-plus-plus/src/sw/redis++/connection.cpp,434,0x23500,sw::redis::Connection::recv(),/opt/src/redis-plus-plus/src/sw/redis++/connection.cpp,421,0x23480,COND,2,19,19,100.0000,_ZN2sw5redis10Connection4recvEv,_ZN2sw5redis10Connection4recvEv
9,1,sw::redis::ConnectionPool::release(sw::redis::Connection),/usr/lib/gcc/x86_64-linux-gnu/11/../../../../include/x86_64-linux-gnu/c++/11/bits/gthr-default.h,779,0x26680,"std::__cxx11::basic_string<char, std::char_traits<char>, std::allocator<char>>::basic_string(std::__cxx11::basic_string<char, std::char_traits<char>, std::allocator<char>>&&)",/usr/lib/gcc/x86_64-linux-gnu/11/../../../../include/c++/11/bits/basic_string.h,568,0x24a00,COND,8,14,14,100.0000,_ZN2sw5redis14ConnectionPool7releaseENS0_10ConnectionE,_ZN2sw5redis17ConnectionOptionsC2EOS1_
10,1,sw::redis::ConnectionPool::fetch(),/usr/lib/gcc/x86_64-linux-gnu/11/../../../../include/c++/11/bits/stl_deque.h,269,0x25cc0,__gthread_mutex_lock(pthread_mutex_t*),/usr/lib/gcc/x86_64-linux-gnu/11/../../../../include/x86_64-linux-gnu/c++/11/bits/gthr-default.h,749,0x25c80,CALL,3,12,12,100.0000,_ZN2sw5redis14ConnectionPool5fetchEv,_ZN2sw5redis14ConnectionPool5fetchEv
11,1,"sw::redis::CmdArgs& sw::redis::CmdArgs::operator<<<double const&, 0>(double const&)",/usr/lib/gcc/x86_64-linux-gnu/11/../../../../include/c++/11/bits/basic_string.h,6734,0x1f2c0,"sw::redis::cmd::geodist(sw::redis::Connection&, sw::redis::StringView const&, sw::redis::StringView const&, sw::redis::StringView const&, sw::redis::GeoUnit)",/opt/src/redis-plus-plus/src/sw/redis++/command.cpp,109,0x1e300,UNCOND,3,10,10,90.9091,_ZN2sw5redis7CmdArgslsIRKdTnNSt9enable_ifIXsr3std13is_arithmeticINSt5decayIT_E4typeEEE5valueEiE4typeELi0EEERS1_OS7_,_ZN2sw5redis3cmd7geodistERNS0_10ConnectionERKNS0_10StringViewES6_S6_NS0_7GeoUnitE
11,2,"sw::redis::CmdArgs& sw::redis::CmdArgs::operator<<<double const&, 0>(double const&)",/usr/lib/gcc/x86_64-linux-gnu/11/../../../../include/c++/11/bits/basic_string.h,6734,0x1f2c0,"unsigned int std::__detail::__to_chars_len<unsigned long long>(unsigned long long, int)",/usr/lib/gcc/x86_64-linux-gnu/11/../../../../include/c++/11/bits/charconv.h,60,0x1f0c0,CALL,5,1,1,100.0000,_ZN2sw5redis7CmdArgslsIRKdTnNSt9enable_ifIXsr3std13is_arithmeticINSt5decayIT_E4typeEEE5valueEiE4typeELi0EEERS1_OS7_,_ZN2sw5redis7CmdArgslsIRxTnNSt9enable_ifIXsr3std13is_arithmeticINSt5decayIT_E4typeEEE5valueEiE4typeELi0EEERS1_OS6_
12,1,sw::redis::ConnectionPool::fetch(),/opt/src/redis-plus-plus/src/sw/redis++/connection_pool.cpp,256,0x25fc0,"bool std::chrono::operator<<long, std::ratio<1l, 1000l>, long, std::ratio<1l, 1000000000l>>(std::chrono::duration<long, std::ratio<1l, 1000l>> const&, std::chrono::duration<long, std::ratio<1l, 1000000000l>> const&)",/usr/lib/gcc/x86_64-linux-gnu/11/../../../../include/c++/11/chrono,778,0x25e00,UNCOND,2,10,10,100.0000,_ZN2sw5redis14ConnectionPool5fetchEv,_ZN2sw5redis14ConnectionPool5fetchEv
13,1,sw::redis::ConnectionOptions::ConnectionOptions(sw::redis::ConnectionOptions&&),/opt/src/redis-plus-plus/src/sw/redis++/connection.h,51,0x248c0,"std::__cxx11::basic_string<char, std::char_traits<char>, std::allocator<char>>::_M_capacity(unsigned long)",/usr/lib/gcc/x86_64-linux-gnu/11/../../../../include/c++/11/bits/basic_string.h,219,0x247c0,UNCOND,4,9,9,100.0000,_ZN2sw5redis17ConnectionOptionsC2EOS1_,_ZN2sw5redis17ConnectionOptionsC2EOS1_
14,1,sw::redis::Connection::recv(),/opt/src/redis-plus-plus/src/sw/redis++/connection.cpp,415,0x23440,bool sw::redis::reply::parse_leniently<bool>(redisReply&),/opt/src/redis-plus-plus/src/sw/redis++/reply.h,263,0x35d00,RET,2,6,6,75.0000,_ZN2sw5redis10Connection4recvEv,_ZN2sw5redis5reply15parse_lenientlyIbEET_R10redisReply
15,1,sw::redis::SafeConnection::~SafeConnection(),/opt/src/redis-plus-plus/src/sw/redis++/connection_pool.h,130,0x36f80,"std::__cxx11::basic_string<char, std::char_traits<char>, std::allocator<char>>::_M_local_data() const",/usr/lib/gcc/x86_64-linux-gnu/11/../../../../include/c++/11/bits/basic_string.h,211,0x23a40,COND,8,8,8,100.0000,_ZN2sw5redis14SafeConnectionD2Ev,_ZN2sw5redis17ConnectionOptionsD2Ev
16,1,sw::redis::ConnectionOptions::ConnectionOptions(sw::redis::ConnectionOptions&&),/usr/lib/gcc/x86_64-linux-gnu/11/../../../../include/c++/11/bits/char_traits.h,437,0x24840,"std::__cxx11::basic_string<char, std::char_traits<char>, std::allocator<char>>::_M_capacity(unsigned long)",/usr/lib/gcc/x86_64-linux-gnu/11/../../../../include/c++/11/bits/basic_string.h,219,0x247c0,UNCOND,3,8,8,100.0000,_ZN2sw5redis17ConnectionOptionsC2EOS1_,_ZN2sw5redis17ConnectionOptionsC2EOS1_
17,1,sw::redis::ConnectionPool::release(sw::redis::Connection),/opt/src/redis-plus-plus/src/sw/redis++/connection_pool.cpp,138,0x26600,"std::__cxx11::basic_string<char, std::char_traits<char>, std::allocator<char>>::basic_string(std::__cxx11::basic_string<char, std::char_traits<char>, std::allocator<char>>&&)",/usr/lib/gcc/x86_64-linux-gnu/11/../../../../include/c++/11/bits/basic_string.h,568,0x24880,COND,8,6,6,100.0000,_ZN2sw5redis14ConnectionPool7releaseENS0_10ConnectionE,_ZN2sw5redis17ConnectionOptionsC2EOS1_
18,1,sw::redis::ConnectionOptions::ConnectionOptions(sw::redis::ConnectionOptions&&),/usr/lib/gcc/x86_64-linux-gnu/11/../../../../include/c++/11/bits/char_traits.h,437,0x24980,"std::__cxx11::basic_string<char, std::char_traits<char>, std::allocator<char>>::_M_capacity(unsigned long)",/usr/lib/gcc/x86_64-linux-gnu/11/../../../../include/c++/11/bits/basic_string.h,219,0x247c0,UNCOND,6,6,6,100.0000,_ZN2sw5redis17ConnectionOptionsC2EOS1_,_ZN2sw5redis17ConnectionOptionsC2EOS1_
19,1,sw::redis::ConnectionOptions::~ConnectionOptions(),/opt/src/redis-plus-plus/src/sw/redis++/connection.h,54,0x23a00,"std::__cxx11::basic_string<char, std::char_traits<char>, std::allocator<char>>::basic_string(std::__cxx11::basic_string<char, std::char_traits<char>, std::allocator<char>>&&)",/usr/lib/gcc/x86_64-linux-gnu/11/../../../../include/c++/11/bits/basic_string.h,568,0x24880,COND,8,4,4,66.6667,_ZN2sw5redis17ConnectionOptionsD2Ev,_ZN2sw5redis17ConnectionOptionsC2EOS1_
19,2,sw::redis::ConnectionOptions::~ConnectionOptions(),/opt/src/redis-plus-plus/src/sw/redis++/connection.h,54,0x23a00,"std::__cxx11::basic_string<char, std::char_traits<char>, std::allocator<char>>::_M_local_data() const",/usr/lib/gcc/x86_64-linux-gnu/11/../../../../include/c++/11/bits/basic_string.h,211,0x23a80,COND,8,1,1,83.3333,_ZN2sw5redis17ConnectionOptionsD2Ev,_ZN2sw5redis17ConnectionOptionsD2Ev
20,1,std::__cxx11::to_string(long),/usr/lib/gcc/x86_64-linux-gnu/11/../../../../include/c++/11/bits/charconv.h,87,0x271c0,"std::__cxx11::basic_string<char, std::char_traits<char>, std::allocator<char>>::_M_local_data() const",/usr/lib/gcc/x86_64-linux-gnu/11/../../../../include/c++/11/bits/basic_string.h,211,0x23a40,COND,8,6,6,100.0000,_ZNSt7__cxx119to_stringEl,_ZN2sw5redis17ConnectionOptionsD2Ev
21,1,sw::redis::ConnectionOptions::ConnectionOptions(sw::redis::ConnectionOptions&&),/opt/src/redis-plus-plus/src/sw/redis++/connection.h,51,0x24ac0,"std::__cxx11::basic_string<char, std::char_traits<char>, std::allocator<char>>::basic_string(std::__cxx11::basic_string<char, std::char_traits<char>, std::allocator<char>>&&)",/usr/lib/gcc/x86_64-linux-gnu/11/../../../../include/c++/11/bits/basic_string.h,568,0x24800,COND,8,6,6,100.0000,_ZN2sw5redis17ConnectionOptionsC2EOS1_,_ZN2sw5redis17ConnectionOptionsC2EOS1_
