campaign,arm,stage,reps,base_ms,prefetch_ms,speedup_base,speedup_twin,mpki,instructions_pct
screen1,burst1lead128,exploratory,1,140.62990156,140.97973964000002,0.9975185223004855,1.0006681242300526,16.45513010433387,0.11124423373234382
screen1,own4,exploratory,1,140.62990156,141.52165552000002,0.9936988162219881,0.9990012874038204,16.36675155526378,0.5263245914248316
screen1,own8,exploratory,1,140.62990156,141.26591586,0.9954977512011438,0.9966395947875321,16.25211145401907,0.3399703537962484
screen1,pad1024,exploratory,1,140.62990156,140.60625866,1.0001681496984938,1.0001681496984938,16.463823961325016,-0.0051328895899094285
screen1,pad128,exploratory,1,140.62990156,140.56779238,1.0004418450268615,1.0004418450268615,16.394005391548696,-0.0029463411589270017
screen1,pad256,exploratory,1,140.62990156,140.86922033999997,0.9983011279580993,0.9983011279580993,16.457626286806995,0.00561623368435793
screen1,pad512,exploratory,1,140.62990156,140.75155669999998,0.9991356746393982,0.9991356746393982,16.550475774604767,0.00028836349188487986
screen1,seq256k20,exploratory,1,140.62990156,142.1108487,0.9895789297330403,0.9979405829837958,15.946610645073758,1.752845201988329
screen1,seq_d1024_k1_t0,exploratory,1,140.62990156,142.24040530000002,0.9886775931451877,0.997031630364737,14.190987120996777,1.750834177211158
screen1,seq_d1024_k1_t1,exploratory,1,140.62990156,141.91878563999998,0.9909181573518432,0.9992911266852635,13.949820047588787,1.7425170080862085
screen1,seq_d1024_k2_t1,exploratory,1,140.62990156,142.3729669,0.9877570484204048,0.9961033073055948,14.924552598914467,1.7478106062425391
screen1,seq_d128_k1_t1,exploratory,1,140.62990156,142.07343524,0.9898395243448468,0.9982033795440447,16.222071581596385,1.7405285572564821
screen1,seq_d2048_k1_t1,exploratory,1,140.62990156,142.08271847999998,0.9897748513292665,0.9981381600603507,14.105981099008151,1.7425418095291523
screen1,seq_d256_k1_t0,exploratory,1,140.62990156,142.13810418,0.9893891745024961,0.9977492243769139,16.000772929812207,1.7377650874965012
screen1,seq_d256_k2_t1,exploratory,1,140.62990156,142.1153753,0.9895474100753403,0.997908796994184,16.437050278639845,1.7429188019266961
screen1,seq_d512_k1_t1,exploratory,1,140.62990156,142.02279090000002,0.9901924942386131,0.9985593319304359,15.213945732457745,1.733220264187807
screen1,seq_d512_k2_t1,exploratory,1,140.62990156,141.9839279,0.9904635238648022,0.9988326516778945,15.974996048026002,1.747880936796098
screen2,dom1lead128,exploratory,1,140.52866456,140.27245215999997,1.0018265339776609,1.007237023124413,15.340261103504925,0.5337810292123102
screen2,dom1lead32,exploratory,1,140.52866456,140.30480214,1.0015955435351147,1.009043661803777,15.50472912067264,0.6496529463209999
screen2,indirect1,exploratory,1,140.52866456,140.36437542,1.0011704475548615,1.0000396174597963,16.412596803129876,-0.09921106192370965
screen2,indirect2,exploratory,1,140.52866456,140.76649396,0.9983104686825008,1.0004051967083605,16.440813466912143,-0.06807047873472749
screen2,pad1024,exploratory,1,140.52866456,140.46126719999998,1.000479828790837,1.000479828790837,16.452666337727464,-0.008875016089571197
screen2,pad128,exploratory,1,140.52866456,140.37680953999998,1.0010817671415786,1.0010817671415786,16.37995463397906,0.005528998524417794
screen2,padcall128_1024,exploratory,1,140.52866456,140.54495282,0.9998841064038717,0.9998841064038717,16.460579588777303,-0.0074653372665767215
screen2,padcall32_256,exploratory,1,140.52866456,140.67986764,0.9989251974533633,0.9989251974533633,16.442309258717536,-0.00038074214970817977
screen2,padcall64_512,exploratory,1,140.52866456,140.54176294000004,0.9999068007990933,0.9999068007990933,16.456145171816136,0.000966835099158736
screen3,dom128min32,exploratory,1,140.73552130000002,140.43726249999997,1.002123786769199,1.003712601133905,15.808915195898175,0.23175369290260317
screen3,dom128min64,exploratory,1,140.73552130000002,140.38133244,1.0025230481421126,1.002886909341548,16.014364448858675,0.14654132821680932
screen3,dom1lead128,exploratory,1,140.73552130000002,140.43595076,1.0021331470921715,1.0075230716514003,15.356131631674975,0.5179095159921099
screen3,dom_ext128,exploratory,1,140.73552130000002,140.58189912,1.0010927593165382,1.0096117586151443,15.086955314179297,0.5912063564677439
screen3,local1lead128,exploratory,1,140.73552130000002,141.34289547999998,0.9957028319114496,1.0003472723537559,16.499270532780887,0.2397494817790058
screen3,schema_all,exploratory,1,140.73552130000002,139.87195853999998,1.0061739520130697,1.0115269856576643,15.555018742424627,0.5055215016266601
screen3,schema_repeated,exploratory,1,140.73552130000002,140.07643154,1.0047052152368103,1.0068442708702658,16.094007234151377,0.205924644680211
