stack,container,pool,rate,cpu_pct,l2i,instr,cycles,mpki,ipc
socialnetwork,compose-post-service-1,0-7,3000,21.2,136094518,3076364630,9355185737,44.24,0.329
socialnetwork,home-timeline-redis-1,0-7,3000,11.8,71194623,3715620080,8833299014,19.16,0.421
socialnetwork,home-timeline-service-1,0-7,3000,32.9,205443599,23020640726,21196847497,8.92,1.086
socialnetwork,jaeger-agent-1,0-7,3000,0.0,78873,3120192,7282905,25.28,0.428
socialnetwork,media-memcached-1,0-7,3000,0.0,27232,2378471,4749744,11.45,0.501
socialnetwork,media-mongodb-1,0-7,3000,0.2,1458259,120243285,164171241,12.13,0.732
socialnetwork,media-service-1,0-7,3000,1.5,12461811,357548291,1013231985,34.85,0.353
socialnetwork,nginx-thrift-1,0-7,3000,446.4,1242507730,534065380620,474164158496,2.33,1.126
socialnetwork,post-storage-memcached-1,0-7,3000,21.6,78858565,1948948884,5744617189,40.46,0.339
socialnetwork,post-storage-mongodb-1,0-7,3000,7.7,180166121,2475227802,7466194937,72.79,0.332
socialnetwork,post-storage-service-1,0-7,3000,100.0,317827577,172839709125,80180619831,1.84,2.156
socialnetwork,social-graph-mongodb-1,0-7,3000,0.2,1486660,123578981,169738547,12.03,0.728
socialnetwork,social-graph-redis-1,0-7,3000,1.3,14458018,345840901,732429422,41.81,0.472
socialnetwork,social-graph-service-1,0-7,3000,2.9,21680359,1026079134,1814497556,21.13,0.565
socialnetwork,text-service-1,0-7,3000,11.0,53762904,12020706554,6985842564,4.47,1.721
socialnetwork,unique-id-service-1,0-7,3000,1.6,14292662,364073800,1116192225,39.26,0.326
socialnetwork,url-shorten-memcached-1,0-7,3000,0.0,27520,2378490,4586808,11.57,0.519
socialnetwork,url-shorten-mongodb-1,0-7,3000,5.9,113140581,2690937541,5662522372,42.05,0.475
socialnetwork,url-shorten-service-1,0-7,3000,6.0,50711981,1331062443,3349870785,38.10,0.397
socialnetwork,user-memcached-1,0-7,3000,3.4,16799927,238617331,1037156509,70.41,0.230
socialnetwork,user-mention-service-1,0-7,3000,4.9,25986662,655100089,1809923320,39.67,0.362
socialnetwork,user-mongodb-1,0-7,3000,0.2,1474648,121709064,166416797,12.12,0.731
socialnetwork,user-service-1,0-7,3000,1.5,12964795,305329379,965819398,42.46,0.316
socialnetwork,user-timeline-mongodb-1,0-7,3000,22.3,486373805,7222626023,20297658588,67.34,0.356
socialnetwork,user-timeline-redis-1,0-7,3000,6.8,77136842,3222582126,3955675162,23.94,0.815
socialnetwork,user-timeline-service-1,0-7,3000,34.9,251849592,18885536777,20302067937,13.34,0.930
hotelreservation,consul-1,0-7,1000,0.7,6964363,76735898,299870468,90.76,0.256
hotelreservation,frontend-1,0-7,1000,60.2,367298153,28097323423,35565243650,13.07,0.790
hotelreservation,geo-1,0-7,1000,17.1,113229291,11256609756,10949471738,10.06,1.028
hotelreservation,jaeger-1,0-7,1000,0.0,82708,2510574,6691313,32.94,0.375
hotelreservation,memcached-profile-1,0-7,1000,3.0,15657610,197789910,824335714,79.16,0.240
hotelreservation,memcached-rate-1,0-7,1000,2.6,11075059,180839053,657836502,61.24,0.275
hotelreservation,memcached-reserve-1,0-7,1000,31.1,17418956,28974599140,26888497298,0.60,1.078
hotelreservation,mongodb-attractions-1,0-7,1000,0.3,1639068,168313542,177397820,9.74,0.949
hotelreservation,mongodb-geo-1,0-7,1000,0.3,1632811,168582801,175937521,9.69,0.958
hotelreservation,mongodb-profile-1,0-7,1000,0.3,1640159,168684406,175156555,9.72,0.963
hotelreservation,mongodb-rate-1,0-7,1000,0.3,1633443,169619485,177100138,9.63,0.958
hotelreservation,mongodb-recommendation-1,0-7,1000,0.3,1639971,168502846,173462824,9.73,0.971
hotelreservation,mongodb-reservation-1,0-7,1000,1.1,8097293,8529682755,2565638173,0.95,3.325
hotelreservation,mongodb-review-1,0-7,1000,0.3,1642458,168677716,174313829,9.74,0.968
hotelreservation,mongodb-user-1,0-7,1000,0.3,1642902,168049045,173998827,9.78,0.966
hotelreservation,profile-1,0-7,1000,26.8,176379542,13560834139,15223356573,13.01,0.891
hotelreservation,rate-1,0-7,1000,96.9,160386578,209762641541,81946828531,0.76,2.560
hotelreservation,recommendation-1,0-7,1000,9.7,74125708,4546565619,5404354918,16.30,0.841
hotelreservation,reservation-1,0-7,1000,277.6,217008157,831003087691,279826869082,0.26,2.970
hotelreservation,search-1,0-7,1000,57.2,250171465,53990452040,37839045488,4.63,1.427
hotelreservation,user-1,0-7,1000,0.3,2613180,101191480,184682263,25.82,0.548
mediamicroservices,cast-info-memcached-1,0-7,1000,0.0,24853,2378492,3826941,10.45,0.622
mediamicroservices,cast-info-mongodb-1,0-7,1000,0.2,1309678,122590795,129817829,10.68,0.944
mediamicroservices,cast-info-service-1,0-7,1000,0.0,3599,64050,383154,56.19,0.167
mediamicroservices,compose-review-memcached-1,0-7,1000,35.7,114718258,2896774452,9303482563,39.60,0.311
mediamicroservices,compose-review-service-1,0-7,1000,121.2,870600471,22869806495,57266184561,38.07,0.399
mediamicroservices,dns-media-1,0-7,1000,4.8,2041845,296211497,197905031,6.89,1.497
mediamicroservices,jaeger-1,0-7,1000,0.0,76528,2206860,6304975,34.68,0.350
mediamicroservices,movie-id-memcached-1,0-7,1000,5.2,31212581,271171377,1717845808,115.10,0.158
mediamicroservices,movie-id-mongodb-1,0-7,1000,0.2,1288597,124038232,131009243,10.39,0.947
mediamicroservices,movie-id-service-1,0-7,1000,52.9,388938689,7034985369,24020810518,55.29,0.293
mediamicroservices,movie-info-memcached-1,0-7,1000,0.0,25543,2378472,3957565,10.74,0.601
mediamicroservices,movie-info-mongodb-1,0-7,1000,0.2,1284116,121875776,129250382,10.54,0.943
mediamicroservices,movie-info-service-1,0-7,1000,0.0,3483,64050,374464,54.38,0.171
mediamicroservices,movie-review-mongodb-1,0-7,1000,41.8,856617450,22463346867,37862229659,38.13,0.593
mediamicroservices,movie-review-redis-1,0-7,1000,3.4,41656668,258838629,1555421983,160.94,0.166
mediamicroservices,movie-review-service-1,0-7,1000,38.8,332411701,8329654592,21551103687,39.91,0.387
mediamicroservices,nginx-web-server-1,0-7,1000,42.9,478288452,18429540528,30610626651,25.95,0.602
mediamicroservices,plot-memcached-1,0-7,1000,0.0,25637,2378492,4001772,10.78,0.594
mediamicroservices,plot-mongodb-1,0-7,1000,0.4,1311423,122966914,131020741,10.66,0.939
mediamicroservices,plot-service-1,0-7,1000,0.0,5426,64050,502569,84.72,0.127
mediamicroservices,rating-redis-1,0-7,1000,3.5,50389797,470247583,1885664485,107.16,0.249
mediamicroservices,rating-service-1,0-7,1000,46.0,288370998,5885452104,19416790409,49.00,0.303
mediamicroservices,review-storage-memcached-1,0-7,1000,0.0,22218,2378473,3906792,9.34,0.609
mediamicroservices,review-storage-mongodb-1,0-7,1000,13.9,307941511,2943985015,11572792789,104.60,0.254
mediamicroservices,review-storage-service-1,0-7,1000,16.1,194049545,5071873208,11494568508,38.26,0.441
mediamicroservices,text-service-1,0-7,1000,13.1,116211824,2450273614,7863299808,47.43,0.312
mediamicroservices,unique-id-service-1,0-7,1000,16.5,187625008,3887680682,11245455323,48.26,0.346
mediamicroservices,user-memcached-1,0-7,1000,2.9,17265211,133664574,886786200,129.17,0.151
mediamicroservices,user-mongodb-1,0-7,1000,0.2,1305386,123368372,131243043,10.58,0.940
mediamicroservices,user-review-mongodb-1,0-7,1000,41.4,866754970,22437479727,37893235445,38.63,0.592
mediamicroservices,user-review-redis-1,0-7,1000,3.3,41858704,259237216,1590793987,161.47,0.163
mediamicroservices,user-review-service-1,0-7,1000,38.6,343161303,8485573824,21785945320,40.44,0.389
mediamicroservices,user-service-1,0-7,1000,21.5,227366950,4842560285,13834182871,46.95,0.350
socialnetwork,compose-post-service-1,0-15,4000,30.7,173915106,4135467665,12093924806,42.05,0.342
socialnetwork,home-timeline-redis-1,0-15,4000,15.7,83111791,5025470648,10626580194,16.54,0.473
socialnetwork,home-timeline-service-1,0-15,4000,48.5,260166835,30836896393,26885441256,8.44,1.147
socialnetwork,jaeger-agent-1,0-15,4000,0.0,82725,2817414,6876350,29.36,0.410
socialnetwork,media-memcached-1,0-15,4000,0.0,23201,2378471,4131379,9.75,0.576
socialnetwork,media-mongodb-1,0-15,4000,0.3,1392238,120092281,149612848,11.59,0.803
socialnetwork,media-service-1,0-15,4000,2.1,16648734,486928963,1276309497,34.19,0.382
socialnetwork,nginx-thrift-1,0-15,4000,670.6,1653161836,775182124487,634122779704,2.13,1.222
socialnetwork,post-storage-memcached-1,0-15,4000,41.8,115275725,3175117976,9258601700,36.31,0.343
socialnetwork,post-storage-mongodb-1,0-15,4000,22.7,498157057,7841855047,20945047507,63.53,0.374
socialnetwork,post-storage-service-1,0-15,4000,185.6,522032863,293251295727,133531736073,1.78,2.196
socialnetwork,social-graph-mongodb-1,0-15,4000,0.2,1429433,124196896,155660242,11.51,0.798
socialnetwork,social-graph-redis-1,0-15,4000,1.8,19381459,446670545,869822889,43.39,0.514
socialnetwork,social-graph-service-1,0-15,4000,4.0,31921366,1397918591,2345534096,22.83,0.596
socialnetwork,text-service-1,0-15,4000,17.3,71359713,16173303720,9258335833,4.41,1.747
socialnetwork,unique-id-service-1,0-15,4000,2.3,19530759,497472619,1398349980,39.26,0.356
socialnetwork,url-shorten-memcached-1,0-15,4000,0.0,26409,2376862,4073405,11.11,0.584
socialnetwork,url-shorten-mongodb-1,0-15,4000,8.1,143776070,3798510701,7321140151,37.85,0.519
socialnetwork,url-shorten-service-1,0-15,4000,8.6,65598386,1804491023,4325000638,36.35,0.417
socialnetwork,user-memcached-1,0-15,4000,5.0,21687476,302374190,1243374597,71.72,0.243
socialnetwork,user-mention-service-1,0-15,4000,6.9,33979389,885275228,2341363703,38.38,0.378
socialnetwork,user-mongodb-1,0-15,4000,0.3,1398487,122180944,150590268,11.45,0.811
socialnetwork,user-service-1,0-15,4000,2.1,17406645,420761126,1228402993,41.37,0.343
socialnetwork,user-timeline-mongodb-1,0-15,4000,23.3,471613576,9044052639,19186491070,52.15,0.471
socialnetwork,user-timeline-redis-1,0-15,4000,9.1,82810865,6116353024,4371550005,13.54,1.399
socialnetwork,user-timeline-service-1,0-15,4000,49.2,287220198,32320298000,26262692805,8.89,1.231
hotelreservation,consul-1,0-15,2000,0.7,6968463,93391596,295115916,74.62,0.316
hotelreservation,frontend-1,0-15,2000,92.3,579320686,53072332419,59240288918,10.92,0.896
hotelreservation,geo-1,0-15,2000,27.3,173046461,21114078911,18215445764,8.20,1.159
hotelreservation,jaeger-1,0-15,2000,0.0,84005,2277544,6255233,36.88,0.364
hotelreservation,memcached-profile-1,0-15,2000,3.6,20254442,266415408,1035721025,76.03,0.257
hotelreservation,memcached-rate-1,0-15,2000,4.4,17240472,294299427,930309008,58.58,0.316
hotelreservation,memcached-reserve-1,0-15,2000,91.2,32925155,76633171902,68036673024,0.43,1.126
hotelreservation,mongodb-attractions-1,0-15,2000,0.3,1646159,168495806,173088537,9.77,0.973
hotelreservation,mongodb-geo-1,0-15,2000,0.3,1652416,169157179,172703552,9.77,0.979
hotelreservation,mongodb-profile-1,0-15,2000,0.3,1650511,169282743,172926152,9.75,0.979
hotelreservation,mongodb-rate-1,0-15,2000,0.3,1606959,169441886,174417644,9.48,0.971
hotelreservation,mongodb-recommendation-1,0-15,2000,0.3,1607054,168705415,174418043,9.53,0.967
hotelreservation,mongodb-reservation-1,0-15,2000,5.3,13657092,8916678330,2879307528,1.53,3.097
hotelreservation,mongodb-review-1,0-15,2000,0.3,1653884,168728540,171746847,9.80,0.982
hotelreservation,mongodb-user-1,0-15,2000,0.3,1648267,169129557,173097861,9.75,0.977
hotelreservation,profile-1,0-15,2000,36.8,261895886,22017025619,22335293308,11.90,0.986
hotelreservation,rate-1,0-15,2000,234.2,269405241,541463966385,196869817370,0.50,2.750
hotelreservation,recommendation-1,0-15,2000,16.1,130010972,8587691826,9345509168,15.14,0.919
hotelreservation,reservation-1,0-15,2000,854.8,364736312,2463010447651,748231520700,0.15,3.292
hotelreservation,search-1,0-15,2000,102.6,401953332,126081817991,73052348573,3.19,1.726
hotelreservation,user-1,0-15,2000,0.8,5347255,193458355,333668993,27.64,0.580
mediamicroservices,cast-info-memcached-1,0-15,1000,0.0,22796,2119281,3425970,10.76,0.619
mediamicroservices,cast-info-mongodb-1,0-15,1000,0.2,1352902,114952631,122025242,11.77,0.942
mediamicroservices,cast-info-service-1,0-15,1000,0.0,4907,64050,434812,76.61,0.147
mediamicroservices,compose-review-memcached-1,0-15,1000,43.9,117197012,2876075663,7524831537,40.75,0.382
mediamicroservices,compose-review-service-1,0-15,1000,142.4,871478781,22931163636,53135974103,38.00,0.432
mediamicroservices,dns-media-1,0-15,1000,0.0,1669852,246125708,160640840,6.78,1.532
mediamicroservices,jaeger-1,0-15,1000,0.0,105658,17094046,19879448,6.18,0.860
mediamicroservices,movie-id-memcached-1,0-15,1000,6.4,22805131,291243951,1472598422,78.30,0.198
mediamicroservices,movie-id-mongodb-1,0-15,1000,0.2,1371524,116816527,123923872,11.74,0.943
mediamicroservices,movie-id-service-1,0-15,1000,59.7,375186712,7018726315,22067056001,53.46,0.318
mediamicroservices,movie-info-memcached-1,0-15,1000,0.0,22639,2119280,3428399,10.68,0.618
mediamicroservices,movie-info-mongodb-1,0-15,1000,0.2,1352367,114517737,121384221,11.81,0.943
mediamicroservices,movie-info-service-1,0-15,1000,0.0,3661,64050,355623,57.16,0.180
mediamicroservices,movie-review-mongodb-1,0-15,1000,38.2,726004154,16477381053,30651580010,44.06,0.538
mediamicroservices,movie-review-redis-1,0-15,1000,3.4,30675929,259963850,1133353655,118.00,0.229
mediamicroservices,movie-review-service-1,0-15,1000,41.1,280059308,8267720186,18636391072,33.87,0.444
mediamicroservices,nginx-web-server-1,0-15,1000,45.5,405970239,18743709127,27884068346,21.66,0.672
mediamicroservices,plot-memcached-1,0-15,1000,0.0,22787,2119282,3388832,10.75,0.625
mediamicroservices,plot-mongodb-1,0-15,1000,0.2,1381230,114213300,122302626,12.09,0.934
mediamicroservices,plot-service-1,0-15,1000,0.0,3627,64050,382832,56.63,0.167
mediamicroservices,rating-redis-1,0-15,1000,4.0,43612231,475785220,1649321806,91.66,0.288
mediamicroservices,rating-service-1,0-15,1000,48.8,275907589,5529717659,17455974911,49.90,0.317
mediamicroservices,review-storage-memcached-1,0-15,1000,0.0,22922,2119281,3347574,10.82,0.633
mediamicroservices,review-storage-mongodb-1,0-15,1000,13.2,259789043,3247785873,9769064239,79.99,0.332
mediamicroservices,review-storage-service-1,0-15,1000,17.3,176671850,5067685192,10499028211,34.86,0.483
mediamicroservices,text-service-1,0-15,1000,14.2,111992463,2441268791,7172217709,45.87,0.340
mediamicroservices,unique-id-service-1,0-15,1000,17.8,178585819,3891772651,10453864463,45.89,0.372
mediamicroservices,user-memcached-1,0-15,1000,3.3,13875761,133103376,727452765,104.25,0.183
mediamicroservices,user-mongodb-1,0-15,1000,0.3,1335025,115820609,121150830,11.53,0.956
mediamicroservices,user-review-mongodb-1,0-15,1000,38.6,732751564,16494206260,30925038331,44.42,0.533
mediamicroservices,user-review-redis-1,0-15,1000,3.4,31051457,260461261,1152687887,119.22,0.226
mediamicroservices,user-review-service-1,0-15,1000,41.0,284867095,8386369137,18936006355,33.97,0.443
mediamicroservices,user-service-1,0-15,1000,23.6,216052438,4851812555,12765900744,44.53,0.380
mediamicroservices,cast-info-memcached-1,0-15,2000,0.0,23983,2119281,3879108,11.32,0.546
mediamicroservices,cast-info-mongodb-1,0-15,2000,0.2,1345841,121553312,158961384,11.07,0.765
mediamicroservices,cast-info-service-1,0-15,2000,0.0,5925,76002,523732,77.96,0.145
mediamicroservices,compose-review-memcached-1,0-15,2000,66.2,248245931,5436404668,17341368623,45.66,0.313
mediamicroservices,compose-review-service-1,0-15,2000,243.9,1760105494,46021749340,118226872307,38.25,0.389
mediamicroservices,dns-media-1,0-15,2000,0.0,2261826,305328765,220708372,7.41,1.383
mediamicroservices,jaeger-1,0-15,2000,0.0,78821,2191313,7020705,35.97,0.312
mediamicroservices,movie-id-memcached-1,0-15,2000,9.8,60965983,537645648,3336740680,113.39,0.161
mediamicroservices,movie-id-mongodb-1,0-15,2000,0.5,1344280,121615978,158664068,11.05,0.766
mediamicroservices,movie-id-service-1,0-15,2000,106.9,760431302,14088326365,49054575905,53.98,0.287
mediamicroservices,movie-info-memcached-1,0-15,2000,0.0,24722,2119261,4147103,11.67,0.511
mediamicroservices,movie-info-mongodb-1,0-15,2000,0.3,1382973,120662784,157386513,11.46,0.767
mediamicroservices,movie-info-service-1,0-15,2000,0.0,6568,64050,560926,102.54,0.114
mediamicroservices,movie-review-mongodb-1,0-15,2000,87.5,1726728217,60502258381,86778356860,28.54,0.697
mediamicroservices,movie-review-redis-1,0-15,2000,5.7,64290913,450755484,2748125314,142.63,0.164
mediamicroservices,movie-review-service-1,0-15,2000,86.0,680044124,19051478425,48258820203,35.70,0.395
mediamicroservices,nginx-web-server-1,0-15,2000,80.0,819335596,37177734300,59739324071,22.04,0.622
mediamicroservices,plot-memcached-1,0-15,2000,0.0,24850,2119281,4125246,11.73,0.514
mediamicroservices,plot-mongodb-1,0-15,2000,0.2,1399507,120605699,158461615,11.60,0.761
mediamicroservices,plot-service-1,0-15,2000,0.0,6586,64050,625818,102.83,0.102
mediamicroservices,rating-redis-1,0-15,2000,5.8,71589180,865311410,3073734863,82.73,0.282
mediamicroservices,rating-service-1,0-15,2000,97.3,558898752,12942709232,40412174810,43.18,0.320
mediamicroservices,review-storage-memcached-1,0-15,2000,0.0,25355,2119260,4074838,11.96,0.520
mediamicroservices,review-storage-mongodb-1,0-15,2000,26.7,567343440,6383756572,23339292344,88.87,0.274
mediamicroservices,review-storage-service-1,0-15,2000,31.9,385440571,10145780021,23512335372,37.99,0.432
mediamicroservices,text-service-1,0-15,2000,25.3,234629745,4849138060,16211702800,48.39,0.299
mediamicroservices,unique-id-service-1,0-15,2000,32.9,363789213,7772951778,23490555449,46.80,0.331
mediamicroservices,user-memcached-1,0-15,2000,5.3,26907732,250175926,1727984881,107.56,0.145
mediamicroservices,user-mongodb-1,0-15,2000,0.2,1380027,121128450,158660172,11.39,0.763
mediamicroservices,user-review-mongodb-1,0-15,2000,87.8,1728675574,60143358004,87195140515,28.74,0.690
mediamicroservices,user-review-redis-1,0-15,2000,5.7,66747575,452631982,2737597379,147.47,0.165
mediamicroservices,user-review-service-1,0-15,2000,91.0,693533857,19439964014,49174780878,35.68,0.395
mediamicroservices,user-service-1,0-15,2000,41.8,450722416,9691428773,28175757016,46.51,0.344
