job,config,group,cores,delay_s,util_pct,l2i,instr,cycles,mpki,ipc
django_workload_default,default,server,36-39,240,0.0,0,0,0,0.00,0.000
django_workload_default,default,server,36-39,600,0.0,0,0,0,0.00,0.000
django_workload_default,default,server,36-39,240,69.0,1070255282,451490813203,274960081023,2.37,1.642
django_workload_default,default,server,36-39,600,67.0,1022203684,426176357448,267441556810,2.40,1.594
tao_bench_standalone,default,server,28-35,240,39.2,22148385,71769870615,56863711482,0.31,1.262
tao_bench_standalone,default,server,28-35,480,42.2,30438298,112959709619,75538308172,0.27,1.495
django_workload_default,noC6,server,36-39,240,68.1,1037774485,428180583179,272091939907,2.42,1.574
feedsim_dlrm,default,server,20-27,600,19.4,475548142,224970074395,134524943019,2.11,1.672
django_workload_default,noC6,server,36-39,600,68.4,1042381017,430803059768,273517805218,2.42,1.575
feedsim_dlrm,noC6,server,20-27,600,19.4,528944893,225706645543,135162620617,2.34,1.670
liblinear_synthetic,noC6,all,8-11,20,35.6,227645,216977106576,56941040619,0.00,3.811
syscall_single_core,noC6,all,8-11,15,0.0,8170,35946401,74732571,0.23,0.481
syscall_single_core,noC6,all,8-11,40,15.6,488,2909060798,24907848092,0.00,0.117
schbench_default,noC6,all,8-11,10,188.2,61810,1125632144055,301169610998,0.00,3.738
xsbench,noC6,all,8-11,20,177.7,46755,178714709906,284350116641,0.00,0.629
gapbs_bc,noC6,all,8-11,15,171.8,4104,306760196807,206124720128,0.00,1.488
gapbs_bc,noC6,all,8-11,60,165.6,147111,93700109131,198739073421,0.00,0.471
graph500_omp_csr,noC6,all,pids-4ranks,pid,100.0,5381855,377131484375,275356099302,0.01,1.370
cdn_bench,noC6_rps1000,proxy,8-11,60,0.3,993773,1511731528,818107909,0.66,1.848
cdn_bench,noC6_rps1000,content,8-11,60,0.2,1201208,871578750,472654129,1.38,1.844
cdn_bench,noC6_rps4000,proxy,8-11,60,1.1,2090306,5878815574,2979867547,0.36,1.973
cdn_bench,noC6_rps4000,content,8-11,60,0.8,7562041,3338595777,1966389197,2.27,1.698
cdn_bench,noC6_rps12000,proxy,8-11,60,3.8,6986028,16440932027,9706524644,0.42,1.694
cdn_bench,noC6_rps12000,content,8-11,60,2.0,17664417,9428983152,5176140673,1.87,1.822
cdn_bench,noC6_rps40000,proxy,8-11,60,12.1,22616623,58063646275,33663164297,0.39,1.725
cdn_bench,noC6_rps40000,content,8-11,60,6.6,52884458,33151965236,17385818620,1.60,1.907
cdn_bench,noC6_rps120000,proxy,8-11,60,37.3,66776417,162286881601,105020866593,0.41,1.545
cdn_bench,noC6_rps120000,content,8-11,60,14.8,75087846,92645223854,40319312945,0.81,2.298
cdn_bench,noC6_rps300000,proxy,8-11,60,81.4,125570527,305829063147,231566895060,0.41,1.321
cdn_bench,noC6_rps300000,content,8-11,60,21.8,25559190,175271311937,61705665812,0.15,2.840
