pid,tid,comm,allowed_list,status
1528288,1528288,java,1-59,ok-shared-jvm-partition
1528288,1528430,java,1-59,ok-shared-jvm-partition
1528288,1528431,Gang worker#0 (,1-59,ok-shared-jvm-partition
1528288,1528440,Concurrent Mark,1-59,ok-shared-jvm-partition
1528288,1528441,VM Thread,1-59,ok-shared-jvm-partition
1528288,1528442,Reference Handl,1-59,ok-shared-jvm-partition
1528288,1528443,Finalizer,1-59,ok-shared-jvm-partition
1528288,1528444,Surrogate Locke,1-59,ok-shared-jvm-partition
1528288,1528445,Signal Dispatch,1-59,ok-shared-jvm-partition
1528288,1528446,C2 CompilerThre,1-59,ok-shared-jvm-partition
1528288,1528447,C1 CompilerThre,1-59,ok-shared-jvm-partition
1528288,1528448,Service Thread,1-59,ok-shared-jvm-partition
1528288,1528449,VM Periodic Tas,1-59,ok-shared-jvm-partition
1528288,1528454,AsyncAppender-W,1-59,ok-shared-jvm-partition
1528288,1528459,ScheduledTasks:,1-59,ok-shared-jvm-partition
1528288,1528460,RMI TCP Accept-,1-59,ok-shared-jvm-partition
1528288,1528461,RMI TCP Accept-,1-59,ok-shared-jvm-partition
1528288,1528463,process reaper,1-59,ok-shared-jvm-partition
1528288,1528467,EXPIRING-MAP-RE,1-59,ok-shared-jvm-partition
1528288,1528470,MemtableFlushWr,1-59,ok-shared-jvm-partition
1528288,1528471,MemtableFlushWr,1-59,ok-shared-jvm-partition
1528288,1528472,PerDiskMemtable,1-59,ok-shared-jvm-partition
1528288,1528473,PerDiskMemtable,1-59,ok-shared-jvm-partition
1528288,1528474,MemtablePostFlu,1-59,ok-shared-jvm-partition
1528288,1528475,MemtableReclaim,1-59,ok-shared-jvm-partition
1528288,1528478,SecondaryIndexM,1-59,ok-shared-jvm-partition
1528288,1528479,SlabPoolCleaner,1-59,ok-shared-jvm-partition
1528288,1528484,COMMIT-LOG-ALLO,1-59,ok-shared-jvm-partition
1528288,1528485,PERIODIC-COMMIT,1-59,ok-shared-jvm-partition
1528288,1528487,OptionalTasks:1,1-59,ok-shared-jvm-partition
1528288,1528489,Reference-Reape,1-59,ok-shared-jvm-partition
1528288,1528490,LocalPool-Clean,1-59,ok-shared-jvm-partition
1528288,1528497,ScheduledFastTa,1-59,ok-shared-jvm-partition
1528288,1528510,CompactionExecu,1-59,ok-shared-jvm-partition
1528288,1528511,CompactionExecu,1-59,ok-shared-jvm-partition
1528288,1528512,ValidationExecu,1-59,ok-shared-jvm-partition
1528288,1528513,CacheCleanupExe,1-59,ok-shared-jvm-partition
1528288,1528514,NonPeriodicTask,1-59,ok-shared-jvm-partition
1528288,1528520,read-hotness-tr,1-59,ok-shared-jvm-partition
1528288,1528531,HintsDispatcher,1-59,ok-shared-jvm-partition
1528288,1528532,HintsDispatcher,1-59,ok-shared-jvm-partition
1528288,1528533,IndexSummaryMan,1-59,ok-shared-jvm-partition
1528288,1528534,ACCEPT-/127.0.0,1-59,ok-shared-jvm-partition
1528288,1528535,GossipTasks:1,1-59,ok-shared-jvm-partition
1528288,1528536,InternalRespons,1-59,ok-shared-jvm-partition
1528288,1528537,GossipStage:1,1-59,ok-shared-jvm-partition
1528288,1528538,AntiEntropyStag,1-59,ok-shared-jvm-partition
1528288,1528539,MigrationStage:,1-59,ok-shared-jvm-partition
1528288,1528540,MiscStage:1,1-59,ok-shared-jvm-partition
1528288,1528541,ReadRepairStage,1-59,ok-shared-jvm-partition
1528288,1528542,BatchlogTasks:1,1-59,ok-shared-jvm-partition
1528288,1528544,PendingRangeCal,1-59,ok-shared-jvm-partition
1528288,1528547,epollEventLoopG,1-59,ok-shared-jvm-partition
1528288,1528551,epollEventLoopG,1-59,ok-shared-jvm-partition
1528288,1528552,threadDeathWatc,1-59,ok-shared-jvm-partition
