_ZN10__cxxabiv120__si_class_type_infoD0Ev	566647
_ZN11opentracing2v213SpanReferenceD0Ev	756418
_ZN11opentracing2v24util17recursive_wrapperISt13unordered_mapINSt7__cxx1112basic_stringIcSt11char_traitsIcESaIcEEENS0_5ValueESt4hashIS9_ESt8equal_toIS9_ESaISt4pairIKS9_SA_EEEEC2EOSK_	2806392
_ZN11opentracing2v25ValueaSEOS1_	2620296
_ZN11opentracing2v26Tracer6GlobalEv	9055920
_ZN13jaegertracing11SpanContext10fromStreamERSi	14638776
_ZN13jaegertracing11SpanContext4swapERS0_	10405675
_ZN13jaegertracing11SpanContextC2ERKNS_7TraceIDEmmhRKSt13unordered_mapINSt7__cxx1112basic_stringIcSt11char_traitsIcESaIcEEESA_St4hashISA_ESt8equal_toISA_ESaISt4pairIKSA_SA_EEERSG_	4744255
_ZN13jaegertracing11SpanContextC2ERKS0_	5411416
_ZN13jaegertracing11SpanContextD0Ev	1590025
_ZN13jaegertracing11SpanContextD2Ev	3182055
_ZN13jaegertracing11propagation10PropagatorIRKN11opentracing2v213TextMapReaderERKNS3_13TextMapWriterEE22parseCommaSeparatedMapERKNSt7__cxx1112basic_stringIcSt11char_traitsIcESaIcEEE	7698508
_ZN13jaegertracing11propagation10PropagatorIRKN11opentracing2v213TextMapReaderERKNS3_13TextMapWriterEED0Ev	929982
_ZN13jaegertracing12UDPTransport6appendERKNS_4SpanE	11712380
_ZN13jaegertracing12UDPTransportC1ERKNS_3net9IPAddressEi	1613086
_ZN13jaegertracing12UDPTransportC2ERKNS_3net9IPAddressEi	1613086
_ZN13jaegertracing4Span14SetBaggageItemEN11opentracing2v211string_viewES3_	3657543
_ZN13jaegertracing4Span16SetOperationNameEN11opentracing2v211string_viewE	2476545
_ZN13jaegertracing4Span17FinishWithOptionsERKN11opentracing2v217FinishSpanOptionsE	11742653
_ZN13jaegertracing4Span18logFieldsNoLockingIN9__gnu_cxx17__normal_iteratorIPKNS_3TagESt6vectorIS4_SaIS4_EEEEEEvT_SB_	1948614
_ZN13jaegertracing4Span3LogESt16initializer_listISt4pairIN11opentracing2v211string_viewENS4_5ValueEEE	3727561
_ZN13jaegertracing4SpanC2ERKS0_	7090513
_ZN13jaegertracing4SpanC2ERKSt10shared_ptrIKNS_6TracerEERKNS_11SpanContextERKNSt7__cxx1112basic_stringIcSt11char_traitsIcESaIcEEERKNSt6chrono10time_pointINSI_3_V212system_clockENSI_8durationIlSt5ratioILl1ELl1000000000EEEEEERKNSJ_INSK_12steady_clockESP_EERKSt6vectorINS_3TagESaISY_EERKSX_INS_9ReferenceESaIS13_EE	2520385
_ZN13jaegertracing4SpanD0Ev	1859076
_ZN13jaegertracing4SpanD2Ev	1026703
_ZN13jaegertracing5utils10HexParsing11readSegmentB5cxx11ERSimc	2631727
_ZN13jaegertracing5utils10HexParsing9decodeHexIhEET_RKNSt7__cxx1112basic_stringIcSt11char_traitsIcESaIcEEE	1722031
_ZN13jaegertracing5utils9ErrorUtil8logErrorERNS_7logging6LoggerERKNSt7__cxx1112basic_stringIcSt11char_traitsIcESaIcEEE	2628999
_ZN13jaegertracing6Tracer5CloseEv	3848302
_ZN13jaegertracing6thrift4Span12__set_spanIdEl	1000741
_ZN13jaegertracing6thrift4Span16__set_traceIdLowEl	1000741
_ZN13jaegertracing6thrift4Span17__set_traceIdHighEl	1000741
_ZN13jaegertracing6thrift4Span18__set_parentSpanIdEl	1000741
_ZN13jaegertracing6thrift4Span4readEPN6apache6thrift8protocol9TProtocolE	507944
_ZN13jaegertracing6thrift4SpanC1ERKS1_	7312034
_ZN13jaegertracing6thrift4SpanC2ERKS1_	2679198
_ZN13jaegertracing6thrift4SpanD0Ev	1160828
_ZN13jaegertracing6thrift4SpanD1Ev	870621
_ZN13jaegertracing6thrift4SpanD2Ev	3859246
_ZN13jaegertracing6thrift7SpanRef12__set_spanIdEl	660328
_ZN13jaegertracing6thrift7SpanRef13__set_refTypeENS0_11SpanRefType4typeE	528262
_ZN13jaegertracing6thrift7SpanRef16__set_traceIdLowEl	670012
_ZN13jaegertracing6thrift7SpanRef17__set_traceIdHighEl	660328
_ZN13jaegertracing6thrift7SpanRef4readEPN6apache6thrift8protocol9TProtocolE	1443916
_ZN13jaegertracing6thrift7SpanRefC1ERKS1_	2535771
_ZN13jaegertracing6thrift7SpanRefC2ERKS1_	810929
_ZN13jaegertracing6thrift7SpanRefD0Ev	670012
_ZN13jaegertracing6thrift7SpanRefaSERKS1_	1388093
_ZN13jaegertracing7TraceID10fromStreamERSi	6164749
_ZN13jaegertracing7logging12_GLOBAL__N_113ConsoleLogger4infoERKNSt7__cxx1112basic_stringIcSt11char_traitsIcESaIcEEE	2178484
_ZN13jaegertracing7metrics11NullCounter3incEl	599374
_ZN13jaegertracing7metrics11NullCounterD0Ev	3611454
_ZN13jaegertracing7metrics16NullStatsFactory11createGaugeERKNSt7__cxx1112basic_stringIcSt11char_traitsIcESaIcEEERKSt13unordered_mapIS7_S7_St4hashIS7_ESt8equal_toIS7_ESaISt4pairIS8_S7_EEE	5778327
_ZN13jaegertracing7metrics5TimerD2Ev	599374
_ZN13jaegertracing7metrics9NullTimer6recordEl	599374
_ZN13jaegertracing7metrics9NullTimerD0Ev	5993742
_ZN13jaegertracing9reporters14RemoteReporter10sweepQueueEv	3632320
_ZN13jaegertracing9reporters14RemoteReporter6reportERKNS_4SpanE	4568686
_ZN13jaegertracing9reporters14RemoteReporterC1ERKNSt6chrono8durationIlSt5ratioILl1ELl1000000000EEEEiOSt10unique_ptrINS_9TransportESt14default_deleteISA_EERNS_7logging6LoggerERNS_7metrics7MetricsE	3799779
_ZN13jaegertracing9reporters14RemoteReporterC2ERKNSt6chrono8durationIlSt5ratioILl1ELl1000000000EEEEiOSt10unique_ptrINS_9TransportESt14default_deleteISA_EERNS_7logging6LoggerERNS_7metrics7MetricsE	3799779
_ZN13jaegertracingeqERKNS_11SpanContextES2_	6004486
_ZN13media_service10ClientPoolINS_11RedisClientEE3PopEv	2842050
_ZN13media_service10ClientPoolINS_11RedisClientEE4PushEPS1_	657686
_ZN13media_service10ClientPoolINS_12ThriftClientINS_19RatingServiceClientEEEE3PopEv	4612581
_ZN13media_service10ClientPoolINS_12ThriftClientINS_23UserReviewServiceClientEEEE3PopEv	2309928
_ZN13media_service10ClientPoolINS_12ThriftClientINS_23UserReviewServiceClientEEEE4PushEPS3_	1825284
_ZN13media_service10ClientPoolINS_12ThriftClientINS_24MovieReviewServiceClientEEEE3PopEv	2087023
_ZN13media_service10ClientPoolINS_12ThriftClientINS_24MovieReviewServiceClientEEEE4PushEPS3_	1642755
_ZN13media_service10ClientPoolINS_12ThriftClientINS_26ComposeReviewServiceClientEEEE3PopEv	910728
_ZN13media_service10ClientPoolINS_12ThriftClientINS_26ComposeReviewServiceClientEEEE4PushEPS3_	720110
_ZN13media_service10ClientPoolINS_12ThriftClientINS_26ReviewStorageServiceClientEEEE3PopEv	766619
_ZN13media_service10ClientPoolINS_12ThriftClientINS_26ReviewStorageServiceClientEEEE4PushEPS3_	766619
_ZN13media_service11RedisClient7ConnectEv	930462
_ZN13media_service11RedisClientD0Ev	1242616
_ZN13media_service11SetUpTracerERKNSt7__cxx1112basic_stringIcSt11char_traitsIcESaIcEEES7_	821741
_ZN13media_service12ThriftClientINS_19RatingServiceClientEE10DisconnectEv	4943386
_ZN13media_service12ThriftClientINS_19RatingServiceClientEE7ConnectEv	954008
_ZN13media_service12ThriftClientINS_19RatingServiceClientEED0Ev	1371386
_ZN13media_service12ThriftClientINS_23UserReviewServiceClientEE10DisconnectEv	713889
_ZN13media_service12ThriftClientINS_23UserReviewServiceClientEE7ConnectEv	1898295
_ZN13media_service12ThriftClientINS_24MovieReviewServiceClientEE10DisconnectEv	886953
_ZN13media_service12ThriftClientINS_24MovieReviewServiceClientEE7ConnectEv	1302036
_ZN13media_service12ThriftClientINS_26ComposeReviewServiceClientEE7ConnectEv	4505694
_ZN13media_service12ThriftClientINS_26ComposeReviewServiceClientEED0Ev	1053979
_ZN13media_service12ThriftClientINS_26ReviewStorageServiceClientEE7ConnectEv	2190799
_ZN13media_service12ThriftClientINS_26ReviewStorageServiceClientEED0Ev	473246
_ZN13media_service13RatingHandler12UploadRatingElRKNSt7__cxx1112basic_stringIcSt11char_traitsIcESaIcEEEiRKSt3mapIS6_S6_St4lessIS6_ESaISt4pairIS7_S6_EEE	6129393
_ZN13media_service13TextMapReaderD0Ev	797236
_ZN13media_service14MovieIdHandler13UploadMovieIdElRKNSt7__cxx1112basic_stringIcSt11char_traitsIcESaIcEEEiRKSt3mapIS6_S6_St4lessIS6_ESaISt4pairIS7_S6_EEE	12898443
_ZN13media_service16ServiceExceptionD1Ev	6242471
_ZN13media_service16ServiceExceptionD2Ev	6242471
_ZN13media_service19RatingServiceClient12UploadRatingElRKNSt7__cxx1112basic_stringIcSt11char_traitsIcESaIcEEEiRKSt3mapIS6_S6_St4lessIS6_ESaISt4pairIS7_S6_EEE	775768
_ZN13media_service19RatingServiceClient17recv_UploadRatingEv	1704967
_ZN13media_service19RatingServiceClient17send_UploadRatingElRKNSt7__cxx1112basic_stringIcSt11char_traitsIcESaIcEEEiRKSt3mapIS6_S6_St4lessIS6_ESaISt4pairIS7_S6_EEE	911959
_ZN13media_service20ComposeReviewHandler10UploadTextElRKNSt7__cxx1112basic_stringIcSt11char_traitsIcESaIcEEERKSt3mapIS6_S6_St4lessIS6_ESaISt4pairIS7_S6_EEE	4125141
_ZN13media_service20ComposeReviewHandler12UploadRatingEliRKSt3mapINSt7__cxx1112basic_stringIcSt11char_traitsIcESaIcEEES7_St4lessIS7_ESaISt4pairIKS7_S7_EEE	5512357
_ZN13media_service20ComposeReviewHandler12UploadUserIdEllRKSt3mapINSt7__cxx1112basic_stringIcSt11char_traitsIcESaIcEEES7_St4lessIS7_ESaISt4pairIKS7_S7_EEE	7969375
_ZN13media_service20ComposeReviewHandler13UploadMovieIdElRKNSt7__cxx1112basic_stringIcSt11char_traitsIcESaIcEEERKSt3mapIS6_S6_St4lessIS6_ESaISt4pairIS7_S6_EEE	5110795
_ZN13media_service20ComposeReviewHandler14UploadUniqueIdEllRKSt3mapINSt7__cxx1112basic_stringIcSt11char_traitsIcESaIcEEES7_St4lessIS7_ESaISt4pairIKS7_S7_EEE	3529913
_ZN13media_service20ComposeReviewHandler17_ComposeAndUploadElRKSt3mapINSt7__cxx1112basic_stringIcSt11char_traitsIcESaIcEEES7_St4lessIS7_ESaISt4pairIKS7_S7_EEE	10896613
_ZN13media_service22RatingServiceProcessor12dispatchCallEPN6apache6thrift8protocol9TProtocolES5_RKNSt7__cxx1112basic_stringIcSt11char_traitsIcESaIcEEEiPv	7689286
_ZN13media_service22RatingServiceProcessor20process_UploadRatingEiPN6apache6thrift8protocol9TProtocolES5_Pv	6067538
_ZN13media_service22RatingServiceProcessorD0Ev	1021707
_ZN13media_service22RatingServiceProcessorD2Ev	710753
_ZN13media_service23MovieIdServiceProcessor12dispatchCallEPN6apache6thrift8protocol9TProtocolES5_RKNSt7__cxx1112basic_stringIcSt11char_traitsIcESaIcEEEiPv	8970633
_ZN13media_service23MovieIdServiceProcessor21process_UploadMovieIdEiPN6apache6thrift8protocol9TProtocolES5_Pv	5074339
_ZN13media_service23UserReviewServiceClient16UploadUserReviewEllllRKSt3mapINSt7__cxx1112basic_stringIcSt11char_traitsIcESaIcEEES7_St4lessIS7_ESaISt4pairIKS7_S7_EEE	505463
_ZN13media_service23UserReviewServiceClient21recv_UploadUserReviewEv	803125
_ZN13media_service24MovieReviewServiceClient17UploadMovieReviewElRKNSt7__cxx1112basic_stringIcSt11char_traitsIcESaIcEEEllRKSt3mapIS6_S6_St4lessIS6_ESaISt4pairIS7_S6_EEE	606556
_ZN13media_service24MovieReviewServiceClient22recv_UploadMovieReviewEv	4453693
_ZN13media_service26ComposeReviewServiceClient12UploadRatingEliRKSt3mapINSt7__cxx1112basic_stringIcSt11char_traitsIcESaIcEEES7_St4lessIS7_ESaISt4pairIKS7_S7_EEE	516778
_ZN13media_service26ComposeReviewServiceClient13UploadMovieIdElRKNSt7__cxx1112basic_stringIcSt11char_traitsIcESaIcEEERKSt3mapIS6_S6_St4lessIS6_ESaISt4pairIS7_S6_EEE	957231
_ZN13media_service26ComposeReviewServiceClient17recv_UploadRatingEv	1716852
_ZN13media_service26ComposeReviewServiceClient17send_UploadRatingEliRKSt3mapINSt7__cxx1112basic_stringIcSt11char_traitsIcESaIcEEES7_St4lessIS7_ESaISt4pairIKS7_S7_EEE	657457
_ZN13media_service26ComposeReviewServiceClient18recv_UploadMovieIdEv	5707932
_ZN13media_service26ComposeReviewServiceClient18send_UploadMovieIdElRKNSt7__cxx1112basic_stringIcSt11char_traitsIcESaIcEEERKSt3mapIS6_S6_St4lessIS6_ESaISt4pairIS7_S6_EEE	1814549
_ZN13media_service26ReviewStorageServiceClient11StoreReviewElRKNS_6ReviewERKSt3mapINSt7__cxx1112basic_stringIcSt11char_traitsIcESaIcEEESA_St4lessISA_ESaISt4pairIKSA_SA_EEE	462864
_ZN13media_service26ReviewStorageServiceClient16recv_StoreReviewEv	620597
_ZN13media_service29ComposeReviewServiceProcessor12dispatchCallEPN6apache6thrift8protocol9TProtocolES5_RKNSt7__cxx1112basic_stringIcSt11char_traitsIcESaIcEEEiPv	12925765
_ZN13media_service29ComposeReviewServiceProcessor18process_UploadTextEiPN6apache6thrift8protocol9TProtocolES5_Pv	2607401
_ZN13media_service29ComposeReviewServiceProcessor20process_UploadRatingEiPN6apache6thrift8protocol9TProtocolES5_Pv	1863194
_ZN13media_service29ComposeReviewServiceProcessor20process_UploadUserIdEiPN6apache6thrift8protocol9TProtocolES5_Pv	2847443
_ZN13media_service29ComposeReviewServiceProcessor21process_UploadMovieIdEiPN6apache6thrift8protocol9TProtocolES5_Pv	1404064
_ZN13media_service29ComposeReviewServiceProcessor22process_UploadUniqueIdEiPN6apache6thrift8protocol9TProtocolES5_Pv	3431534
_ZN13media_service31RatingService_UploadRating_args4readEPN6apache6thrift8protocol9TProtocolE	4935079
_ZN13media_service31RatingService_UploadRating_argsD0Ev	479606
_ZN13media_service32RatingService_UploadRating_pargsD0Ev	1241230
_ZN13media_service33MovieIdService_UploadMovieId_args4readEPN6apache6thrift8protocol9TProtocolE	5146112
_ZN13media_service33MovieIdService_UploadMovieId_argsD0Ev	2340915
_ZN13media_service34RatingService_UploadRating_presult4readEPN6apache6thrift8protocol9TProtocolE	4027198
_ZN13media_service36ComposeReviewService_UploadText_args4readEPN6apache6thrift8protocol9TProtocolE	2365184
_ZN13media_service38ComposeReviewService_UploadRating_args4readEPN6apache6thrift8protocol9TProtocolE	1148811
_ZN13media_service38ComposeReviewService_UploadUserId_args4readEPN6apache6thrift8protocol9TProtocolE	2688755
_ZN13media_service39ComposeReviewService_UploadMovieId_args4readEPN6apache6thrift8protocol9TProtocolE	2336363
_ZN13media_service40ComposeReviewService_UploadMovieId_pargsD0Ev	639043
_ZN13media_service40ComposeReviewService_UploadUniqueId_args4readEPN6apache6thrift8protocol9TProtocolE	1934801
_ZN13media_service40ReviewStorageService_ReadReviews_presult4readEPN6apache6thrift8protocol9TProtocolE	1070374
_ZN13media_service40ReviewStorageService_StoreReview_presult4readEPN6apache6thrift8protocol9TProtocolE	985653
_ZN13media_service40ReviewStorageService_StoreReview_presultD0Ev	1350710
_ZN13media_service41ComposeReviewService_UploadRating_presult4readEPN6apache6thrift8protocol9TProtocolE	989245
_ZN13media_service41ComposeReviewService_UploadRating_presultD0Ev	1982228
_ZN13media_service41UserReviewService_ReadUserReviews_presult4readEPN6apache6thrift8protocol9TProtocolE	589707
_ZN13media_service42ComposeReviewService_UploadMovieId_presult4readEPN6apache6thrift8protocol9TProtocolE	1317538
_ZN13media_service42ComposeReviewService_UploadMovieId_presultD0Ev	2018267
_ZN13media_service42UserReviewService_UploadUserReview_presult4readEPN6apache6thrift8protocol9TProtocolE	2053272
_ZN13media_service43MovieReviewService_ReadMovieReviews_presult4readEPN6apache6thrift8protocol9TProtocolE	707649
_ZN13media_service44MovieReviewService_UploadMovieReview_presult4readEPN6apache6thrift8protocol9TProtocolE	1886586
_ZN13media_service44MovieReviewService_UploadMovieReview_presultD0Ev	1070374
_ZN13media_service6Review4readEPN6apache6thrift8protocol9TProtocolE	690687
_ZN13media_service6ReviewD2Ev	525169
_ZN4YAML4NodeD2Ev	1506846
_ZN5boost10wrapexceptINS_15condition_errorEEC1ERKS2_	1564945
_ZN5boost10wrapexceptINS_15condition_errorEEC2ERKS2_	1564945
_ZN5boost13thread_detail17enter_once_regionERNS_9once_flagE	3760085
_ZN5boost14checked_deleteINS_3log12v2s_mt_posix4coreEEEvPT_	783106
_ZN5boost3log12v2s_mt_posix19attribute_value_set6insertENS1_14attribute_nameERKNS1_15attribute_valueE	705833
_ZN5boost3log12v2s_mt_posix19attribute_value_setC1ERKNS1_13attribute_setES5_S5_m	2446256
_ZN5boost3log12v2s_mt_posix19attribute_value_setC1Em	4362728
_ZN5boost3log12v2s_mt_posix19attribute_value_setC2ERKNS1_13attribute_setES5_S5_m	2446256
_ZN5boost3log12v2s_mt_posix19attribute_value_setC2Em	4362728
_ZN5boost3log12v2s_mt_posix20basic_record_ostreamIwElsEDi	3989549
_ZN5boost3log12v2s_mt_posix3aux14light_functionIFbRKNS1_19attribute_value_setEEE4implINS_7phoenix5actorINS_5proto7exprns_10basic_exprINSC_6tagns_3tag13greater_equalENSC_7argsns_5list2INS1_11expressions15attribute_actorINS1_7trivial14severity_levelENS1_16fallback_to_noneENSM_3tag8severityESB_EENSB_INSE_INSG_8terminalENSI_4termISN_EELl0EEEEEEELl2EEEEEE11invoke_implEPvS6_	3480208
_ZN5boost3log12v2s_mt_posix3aux17once_block_sentry8rollbackEv	4711666
_ZN5boost3log12v2s_mt_posix3aux20thread_specific_baseC1Ev	1188156
_ZN5boost3log12v2s_mt_posix3aux20thread_specific_baseC2Ev	1188156
_ZN5boost3log12v2s_mt_posix3aux20thread_specific_baseD1Ev	871315
_ZN5boost3log12v2s_mt_posix3aux20thread_specific_baseD2Ev	871315
_ZN5boost3log12v2s_mt_posix3aux27single_type_dispatcher_base12get_callbackEPNS1_15type_dispatcherENS_9typeindex14stl_type_indexE	3760085
_ZN5boost3log12v2s_mt_posix4core11open_recordERKNS1_13attribute_setE	3592043
_ZN5boost3log12v2s_mt_posix4core11remove_sinkERKNS_10shared_ptrINS1_5sinks4sinkEEE	1740352
_ZN5boost3log12v2s_mt_posix4core14implementation15get_thread_dataEv	5714905
_ZN5boost3log12v2s_mt_posix4core19set_logging_enabledEb	967383
_ZN5boost3log12v2s_mt_posix4core3getEv	3161507
_ZN5boost3log12v2s_mt_posix5sinks19basic_sink_frontend18flush_backend_implINS_15recursive_mutexENS2_26basic_text_ostream_backendIcEEEEvRT_RT0_N4mpl_5bool_ILb1EEE	724817
_ZN5boost3log12v2s_mt_posix7sources22basic_composite_loggerIcNS2_18severity_logger_mtINS1_7trivial14severity_levelEEENS2_18multi_thread_modelINS1_3aux14light_rw_mutexEEENS2_8featuresIJNS2_8severityIS6_EEEEEE11open_recordINS_9parameter3aux25tagged_argument_list_of_1INSJ_15tagged_argumentINS1_8keywords3tag8severityEKS6_EEEEEENS1_6recordERKT_	2302666
_ZN5boost3log12v2s_mt_posix7sources3aux14severity_levelINS1_7trivial14severity_levelEE4impl8dispatchERNS1_15type_dispatcherE	4380681
_ZN5boost3log12v2s_mt_posix7sources3aux18get_severity_levelEv	7327211
_ZN5boost3log12v2s_mt_posix7trivial6logger3getEv	5327395
_ZN5boost6detail12get_tss_dataEPKv	3190596
_ZN5boost6detail13find_tss_dataEPKv	1713862
_ZN5boost6detail23get_current_thread_dataEv	2075509
_ZN6apache6thrift18TDispatchProcessor7processESt10shared_ptrINS0_8protocol9TProtocolEES5_Pv	6905884
_ZN6apache6thrift6server16TConnectedClient3runEv	11462782
_ZN6apache6thrift8protocol16TBinaryProtocolTINS0_9transport10TTransportENS1_17TNetworkBigEndianEE12readMapBeginERNS1_5TTypeES8_Rj	1962180
_ZN6apache6thrift8protocol16TBinaryProtocolTINS0_9transport10TTransportENS1_17TNetworkBigEndianEE14readStringBodyINSt7__cxx1112basic_stringIcSt11char_traitsIcESaIcEEEEEjRT_i	3331143
_ZN6apache6thrift8protocol16TBinaryProtocolTINS0_9transport10TTransportENS1_17TNetworkBigEndianEE16readMessageBeginERNSt7__cxx1112basic_stringIcSt11char_traitsIcESaIcEEERNS1_12TMessageTypeERi	5636156
_ZN6apache6thrift8protocol16TBinaryProtocolTINS0_9transport10TTransportENS1_17TNetworkBigEndianEE17writeMessageBeginERKNSt7__cxx1112basic_stringIcSt11char_traitsIcESaIcEEENS1_12TMessageTypeEi	8684952
_ZN6apache6thrift8protocol16TBinaryProtocolTINS0_9transport10TTransportENS1_17TNetworkBigEndianEED0Ev	1573815
_ZN6apache6thrift8protocol16TVirtualProtocolINS1_16TBinaryProtocolTINS0_9transport10TTransportENS1_17TNetworkBigEndianEEENS1_17TProtocolDefaultsEE12readI16_virtERs	1223548
_ZN6apache6thrift8protocol16TVirtualProtocolINS1_16TBinaryProtocolTINS0_9transport10TTransportENS1_17TNetworkBigEndianEEENS1_17TProtocolDefaultsEE12readI32_virtERi	2508525
_ZN6apache6thrift8protocol16TVirtualProtocolINS1_16TBinaryProtocolTINS0_9transport10TTransportENS1_17TNetworkBigEndianEEENS1_17TProtocolDefaultsEE12readI64_virtERl	4052130
_ZN6apache6thrift8protocol16TVirtualProtocolINS1_16TBinaryProtocolTINS0_9transport10TTransportENS1_17TNetworkBigEndianEEENS1_17TProtocolDefaultsEE13writeI64_virtEl	848701
_ZN6apache6thrift8protocol16TVirtualProtocolINS1_16TBinaryProtocolTINS0_9transport10TTransportENS1_17TNetworkBigEndianEEENS1_17TProtocolDefaultsEE15readBinary_virtERNSt7__cxx1112basic_stringIcSt11char_traitsIcESaIcEEE	2118668
_ZN6apache6thrift8protocol16TVirtualProtocolINS1_16TBinaryProtocolTINS0_9transport10TTransportENS1_17TNetworkBigEndianEEENS1_17TProtocolDefaultsEE15readString_virtERNSt7__cxx1112basic_stringIcSt11char_traitsIcESaIcEEE	1168182
_ZN6apache6thrift8protocol16TVirtualProtocolINS1_16TBinaryProtocolTINS0_9transport10TTransportENS1_17TNetworkBigEndianEEENS1_17TProtocolDefaultsEE16writeBinary_virtERKNSt7__cxx1112basic_stringIcSt11char_traitsIcESaIcEEE	4506262
_ZN6apache6thrift8protocol16TVirtualProtocolINS1_16TBinaryProtocolTINS0_9transport10TTransportENS1_17TNetworkBigEndianEEENS1_17TProtocolDefaultsEE18writeMapBegin_virtENS1_5TTypeESA_j	1556709
_ZN6apache6thrift8protocol16TVirtualProtocolINS1_16TBinaryProtocolTINS0_9transport10TTransportENS1_17TNetworkBigEndianEEENS1_17TProtocolDefaultsEE19readFieldBegin_virtERNSt7__cxx1112basic_stringIcSt11char_traitsIcESaIcEEERNS1_5TTypeERs	3127320
_ZN6apache6thrift8protocol16TVirtualProtocolINS1_16TBinaryProtocolTINS0_9transport10TTransportENS1_17TNetworkBigEndianEEENS1_17TProtocolDefaultsEE19readMessageEnd_virtEv	530047
_ZN6apache6thrift8protocol16TVirtualProtocolINS1_16TBinaryProtocolTINS0_9transport10TTransportENS1_17TNetworkBigEndianEEENS1_17TProtocolDefaultsEE19writeFieldStop_virtEv	747467
_ZN6apache6thrift8protocol16TVirtualProtocolINS1_16TBinaryProtocolTINS0_9transport10TTransportENS1_17TNetworkBigEndianEEENS1_17TProtocolDefaultsEE20readStructBegin_virtERNSt7__cxx1112basic_stringIcSt11char_traitsIcESaIcEEE	5123785
_ZN6apache6thrift8protocol16TVirtualProtocolINS1_16TBinaryProtocolTINS0_9transport10TTransportENS1_17TNetworkBigEndianEEENS1_17TProtocolDefaultsEE21readMessageBegin_virtERNSt7__cxx1112basic_stringIcSt11char_traitsIcESaIcEEERNS1_12TMessageTypeERi	883411
_ZN6apache6thrift8protocol16TVirtualProtocolINS1_16TBinaryProtocolTINS0_9transport10TTransportENS1_17TNetworkBigEndianEEENS1_17TProtocolDefaultsEEC2ESt10shared_ptrIS5_E	752694
_ZN6apache6thrift8protocol16TVirtualProtocolINS1_16TBinaryProtocolTINS0_9transport10TTransportENS1_17TNetworkBigEndianEEENS1_17TProtocolDefaultsEED0Ev	1370582
_ZN6apache6thrift8protocol16TVirtualProtocolINS1_17TCompactProtocolTINS0_9transport10TTransportEEENS1_17TProtocolDefaultsEE13writeI16_virtEs	525985
_ZN6apache6thrift8protocol16TVirtualProtocolINS1_17TCompactProtocolTINS0_9transport10TTransportEEENS1_17TProtocolDefaultsEE13writeI32_virtEi	3220777
_ZN6apache6thrift8protocol16TVirtualProtocolINS1_17TCompactProtocolTINS0_9transport10TTransportEEENS1_17TProtocolDefaultsEE13writeI64_virtEl	2732390
_ZN6apache6thrift8protocol16TVirtualProtocolINS1_17TCompactProtocolTINS0_9transport10TTransportEEENS1_17TProtocolDefaultsEE19writeListBegin_virtENS1_5TTypeEj	2230243
_ZN6apache6thrift8protocol16TVirtualProtocolINS1_17TCompactProtocolTINS0_9transport10TTransportEEENS1_17TProtocolDefaultsEE20writeMessageEnd_virtEv	594295
_ZN6apache6thrift8protocol16TVirtualProtocolINS1_17TCompactProtocolTINS0_9transport10TTransportEEENS1_17TProtocolDefaultsEE21writeStructBegin_virtEPKc	1056524
_ZN6apache6thrift8protocol16TVirtualProtocolINS1_17TCompactProtocolTINS0_9transport10TTransportEEENS1_17TProtocolDefaultsEE22writeMessageBegin_virtERKNSt7__cxx1112basic_stringIcSt11char_traitsIcESaIcEEENS1_12TMessageTypeEi	792393
_ZN6apache6thrift8protocol16TVirtualProtocolINS1_17TCompactProtocolTINS0_9transport10TTransportEEENS1_17TProtocolDefaultsEEC2ESt10shared_ptrIS5_E	588493
_ZN6apache6thrift8protocol16TVirtualProtocolINS1_17TCompactProtocolTINS0_9transport10TTransportEEENS1_17TProtocolDefaultsEED0Ev	2508525
_ZN6apache6thrift8protocol17TCompactProtocolTINS0_9transport10TTransportEE11writeBinaryERKNSt7__cxx1112basic_stringIcSt11char_traitsIcESaIcEEE	919199
_ZN6apache6thrift8protocol17TCompactProtocolTINS0_9transport10TTransportEE15writeFieldBeginEPKcNS1_5TTypeEs	773990
_ZN6apache6thrift8protocol17TCompactProtocolTINS0_9transport10TTransportEEC2ESt10shared_ptrIS4_Eii	2724161
_ZN6apache6thrift8protocol17TCompactProtocolTINS0_9transport10TTransportEED0Ev	1622519
_ZN6apache6thrift8protocol17TCompactProtocolTINS0_9transport10TTransportEED2Ev	953087
_ZN6apache6thrift8protocol17TProtocolDefaultsC2ESt10shared_ptrINS0_9transport10TTransportEE	4050883
_ZN6apache6thrift8protocol18TProtocolExceptionC2ENS2_22TProtocolExceptionTypeERKNSt7__cxx1112basic_stringIcSt11char_traitsIcESaIcEEE	693608
_ZN6apache6thrift8protocol24TCompactProtocolFactoryTINS0_9transport10TTransportEE11getProtocolESt10shared_ptrIS4_E	3261675
_ZN6apache6thrift8protocol24TCompactProtocolFactoryTINS0_9transport10TTransportEED0Ev	1022187
_ZN6apache6thrift8protocol9TProtocolD1Ev	4159460
_ZN6apache6thrift8protocol9TProtocolD2Ev	4159460
_ZN6apache6thrift9to_stringIN13jaegertracing6thrift11SpanRefType4typeEEENSt7__cxx1112basic_stringIcSt11char_traitsIcESaIcEEERKT_	2663321
_ZN6apache6thrift9to_stringIN13jaegertracing6thrift7TagType4typeEEENSt7__cxx1112basic_stringIcSt11char_traitsIcESaIcEEERKT_	3968372
_ZN6apache6thrift9transport10TTransport12consume_virtEj	1279400
_ZN6apache6thrift9transport10TTransport7readEndEv	1024943
_ZN6apache6thrift9transport10TTransport8writeEndEv	1024943
_ZN6apache6thrift9transport10TTransport9getOriginB5cxx11Ev	1475147
_ZN6apache6thrift9transport11TBufferBase7consumeEj	2883948
_ZN6apache6thrift9transport13TMemoryBuffer7readEndEv	801826
_ZN6apache6thrift9transport13TMemoryBufferD0Ev	2300496
_ZN6apache6thrift9transport13TMemoryBufferD2Ev	2133099
_ZN6apache6thrift9transport16TFramedTransport4openEv	815010
_ZN6apache6thrift9transport16TFramedTransport4peekEv	1874524
_ZN6apache6thrift9transport16TFramedTransport5flushEv	5290929
_ZN6apache6thrift9transport16TFramedTransport6isOpenEv	999879
_ZN6apache6thrift9transport16TFramedTransport7readEndEv	1074310
_ZN6apache6thrift9transport16TFramedTransport8readSlowEPhj	8794788
_ZN6apache6thrift9transport16TFramedTransport9readFrameEv	4708035
_ZN6apache6thrift9transport16TFramedTransport9writeSlowEPKhj	2046712
_ZN6apache6thrift9transport16TFramedTransportD0Ev	3299602
_ZN6apache6thrift9transport17TVirtualTransportINS1_13TMemoryBufferENS1_11TBufferBaseEE10write_virtEPKhj	2789332
_ZN6apache6thrift9transport17TVirtualTransportINS1_16TFramedTransportENS1_11TBufferBaseEE10write_virtEPKhj	3623243
_ZN6apache6thrift9transport17TVirtualTransportINS1_16TFramedTransportENS1_11TBufferBaseEE11borrow_virtEPhPj	1050240
_ZN6apache6thrift9transport17TVirtualTransportINS1_16TFramedTransportENS1_11TBufferBaseEE12readAll_virtEPhj	6867406
_ZN6apache6thrift9transport17TVirtualTransportINS1_16TFramedTransportENS1_11TBufferBaseEE9read_virtEPhj	1967269
_ZN6apache6thrift9transport17TVirtualTransportINS1_7TSocketENS1_18TTransportDefaultsEE10write_virtEPKhj	4099773
_ZN6apache6thrift9transport17TVirtualTransportINS1_7TSocketENS1_18TTransportDefaultsEE11borrow_virtEPhPj	596933
_ZN6apache6thrift9transport17TVirtualTransportINS1_7TSocketENS1_18TTransportDefaultsEE12readAll_virtEPhj	1708239
_ZN6apache6thrift9transport17TVirtualTransportINS1_7TSocketENS1_18TTransportDefaultsEE9read_virtEPhj	3685270
_ZN6apache6thrift9transport18TBufferedTransport5flushEv	4056298
_ZN6apache6thrift9transport7TSocket11setSocketFDEi	2336544
_ZN6apache6thrift9transport7TSocket13getSocketInfoB5cxx11Ev	3861603
_ZN6apache6thrift9transport7TSocket13write_partialEPKhj	1058985
_ZN6apache6thrift9transport7TSocket4peekEv	3003896
_ZN6apache6thrift9transport7TSocket4readEPhj	17272053
_ZN6apache6thrift9transport7TSocket5writeEPKhj	7243461
_ZN6apache6thrift9transport7TSocket6isOpenEv	882652
_ZN6apache6thrift9transport7readAllINS1_11TBufferBaseEEEjRT_Phj	11421059
_ZN6apache6thrift9transport7readAllINS1_7TSocketEEEjRT_Phj	3823611
_ZN7tacopie10io_service14process_eventsEv	4561543
_ZN7tacopie10io_service15set_rd_callbackERKNS_10tcp_socketERKSt8functionIFviEE	3219006
_ZN7tacopie10io_service15set_wr_callbackERKNS_10tcp_socketERKSt8functionIFviEE	2833996
_ZN7tacopie10io_service16process_rd_eventERKiRNS0_14tracked_socketE	2182328
_ZN7tacopie10io_service16process_wr_eventERKiRNS0_14tracked_socketE	2536307
_ZN7tacopie10io_service18init_poll_fds_infoEv	3134720
_ZN7tacopie10io_service4pollEv	5601399
_ZN7tacopie10io_service5trackERKNS_10tcp_socketERKSt8functionIFviEES8_	2066749
_ZN7tacopie10tcp_client10async_readERKNS0_12read_requestE	677116
_ZN7tacopie10tcp_client11async_writeERKNS0_13write_requestE	2377179
_ZN7tacopie10tcp_client12process_readERNS0_11read_resultE	1700680
_ZN7tacopie10tcp_client13process_writeERNS0_12write_resultE	2525416
_ZN7tacopie10tcp_client17on_read_availableEi	3067672
_ZN7tacopie10tcp_client18on_write_availableEi	1187524
_ZN7tacopie10tcp_client28set_on_disconnection_handlerERKSt8functionIFvvEE	1476536
_ZN7tacopie10tcp_client7connectERKNSt7__cxx1112basic_stringIcSt11char_traitsIcESaIcEEEjj	762083
_ZN7tacopie10tcp_clientD1Ev	1010637
_ZN7tacopie10tcp_clientD2Ev	1010637
_ZN7tacopie10tcp_socket17check_or_set_typeENS0_4typeE	3367670
_ZN7tacopie10tcp_socket26create_socket_if_necessaryEv	1433299
_ZN7tacopie10tcp_socket4recvEm	990491
_ZN7tacopie10tcp_socket4sendERKSt6vectorIcSaIcEEm	2032341
_ZN7tacopie13tacopie_errorD1Ev	3380068
_ZN7tacopie13tacopie_errorD2Ev	3380068
_ZN7tacopie22get_default_io_serviceEv	4754358
_ZN7tacopie5utils11thread_pool18fetch_task_or_stopEv	4726744
_ZN7tacopie5utils11thread_pool8add_taskERKSt8functionIFvvEE	2541456
_ZN7tacopie5utils11thread_poolD1Ev	1705638
_ZN7tacopie5utils11thread_poolD2Ev	1705638
_ZN7tacopie5utils11thread_poollsERKSt8functionIFvvEE	1449499
_ZN7tacopie9self_pipe6notifyEv	693344
_ZN7tacopie9self_pipeD1Ev	2799214
_ZN7tacopie9self_pipeD2Ev	2799214
_ZN8nlohmannrsERSiRNS_10basic_jsonISt3mapSt6vectorNSt7__cxx1112basic_stringIcSt11char_traitsIcESaIcEEEblmdSaNS_14adl_serializerEEE	3208526
_ZN9cpp_redis5replyC1ERKS0_	4207230
_ZN9cpp_redis5replyC1Ev	1038915
_ZN9cpp_redis5replyC2ERKS0_	4207230
_ZN9cpp_redis5replyC2Ev	1038915
_ZN9cpp_redis6client10disconnectEb	2143358
_ZN9cpp_redis6client10try_commitEv	1143124
_ZN9cpp_redis6client11incrbyfloatERKNSt7__cxx1112basic_stringIcSt11char_traitsIcESaIcEEEfRKSt8functionIFvRNS_5replyEEE	1173916
_ZN9cpp_redis6client11sync_commitEv	2151390
_ZN9cpp_redis6client15clear_callbacksEv	1071679
_ZN9cpp_redis6client16cancel_reconnectEv	588882
_ZN9cpp_redis6client16unprotected_sendERKSt6vectorINSt7__cxx1112basic_stringIcSt11char_traitsIcESaIcEEESaIS7_EERKSt8functionIFvRNS_5replyEEE	4600282
_ZN9cpp_redis6client18bitfield_operation6incrbyERKNSt7__cxx1112basic_stringIcSt11char_traitsIcESaIcEEEiiNS0_13overflow_typeE	1210600
_ZN9cpp_redis6client26connection_receive_handlerERNS_7network16redis_connectionERNS_5replyE	2619299
_ZN9cpp_redis6client4incrERKNSt7__cxx1112basic_stringIcSt11char_traitsIcESaIcEEE	2240560
_ZN9cpp_redis6client4incrERKNSt7__cxx1112basic_stringIcSt11char_traitsIcESaIcEEERKSt8functionIFvRNS_5replyEEE	3169572
_ZN9cpp_redis6client4sendERKSt6vectorINSt7__cxx1112basic_stringIcSt11char_traitsIcESaIcEEESaIS7_EERKSt8functionIFvRNS_5replyEEE	792393
_ZN9cpp_redis6client6incrbyERKNSt7__cxx1112basic_stringIcSt11char_traitsIcESaIcEEEi	708144
_ZN9cpp_redis6client6incrbyERKNSt7__cxx1112basic_stringIcSt11char_traitsIcESaIcEEEiRKSt8functionIFvRNS_5replyEEE	2202387
_ZN9cpp_redis6client8exec_cmdERKSt8functionIFRS0_RKS1_IFvRNS_5replyEEEEE	2853113
_ZN9cpp_redis6clientD1Ev	2533637
_ZN9cpp_redis6clientD2Ev	2533637
_ZN9cpp_redis7network10tcp_client10disconnectEb	626543
_ZN9cpp_redis7network10tcp_client11async_writeERNS0_16tcp_client_iface13write_requestE	5797406
_ZN9cpp_redis7network10tcp_clientD0Ev	1013661
_ZN9cpp_redis7network10tcp_clientD1Ev	482326
_ZN9cpp_redis7network10tcp_clientD2Ev	482326
_ZN9cpp_redis7network16redis_connection10disconnectEb	754660
_ZN9cpp_redis7network16redis_connection13build_commandERKSt6vectorINSt7__cxx1112basic_stringIcSt11char_traitsIcESaIcEEESaIS8_EE	10640706
_ZN9cpp_redis7network16redis_connection26tcp_client_receive_handlerERKNS0_16tcp_client_iface11read_resultE	6277514
_ZN9cpp_redis7network16redis_connection4sendERKSt6vectorINSt7__cxx1112basic_stringIcSt11char_traitsIcESaIcEEESaIS8_EE	3037507
_ZN9cpp_redis7network16redis_connectionC1Ev	521311
_ZN9cpp_redis7network16redis_connectionC2Ev	521311
_ZN9cpp_redis7network16redis_connectionD1Ev	1448318
_ZN9cpp_redis7network16redis_connectionD2Ev	1448318
_ZN9cpp_redis8builders13error_builderD0Ev	1921975
_ZN9cpp_redis8builders13reply_builder11build_replyEv	2600312
_ZN9cpp_redis8builders13reply_builder5resetEv	1822714
_ZN9cpp_redis8builders13reply_builder9pop_frontEv	858426
_ZN9cpp_redis8builders13reply_builderlsERKNSt7__cxx1112basic_stringIcSt11char_traitsIcESaIcEEE	1205815
_ZN9cpp_redis8builders14create_builderEc	887480
_ZN9cpp_redis8builders15integer_builderC1Ev	1177764
_ZN9cpp_redis8builders15integer_builderC2Ev	1177764
_ZN9cpp_redis8builders15integer_builderlsERNSt7__cxx1112basic_stringIcSt11char_traitsIcESaIcEEE	3048332
_ZNK10__cxxabiv120__si_class_type_info12__do_dyncastElNS_17__class_type_info10__sub_kindEPKS1_PKvS4_S6_RNS1_16__dyncast_resultE	2546770
_ZNK10__cxxabiv121__vmi_class_type_info12__do_dyncastElNS_17__class_type_info10__sub_kindEPKS1_PKvS4_S6_RNS1_16__dyncast_resultE	8948712
_ZNK10__cxxabiv121__vmi_class_type_info20__do_find_public_srcElPKvPKNS_17__class_type_infoES2_	2039496
_ZNK11opentracing2v213SpanReference5ApplyERNS0_16StartSpanOptionsE	2830374
_ZNK11opentracing2v213TextMapReader9LookupKeyENS0_11string_viewE	2152538
_ZNK11opentracing2v26Tracer9StartSpanENS0_11string_viewESt16initializer_listINS0_14option_wrapperINS0_15StartSpanOptionEEEE	5467473
_ZNK13jaegertracing11SpanContext18ForeachBaggageItemESt8functionIFbRKNSt7__cxx1112basic_stringIcSt11char_traitsIcESaIcEEES9_EE	2262155
_ZNK13jaegertracing11SpanContext5printISoEEvRT_	1105608
_ZNK13jaegertracing11propagation10PropagatorIRKN11opentracing2v213TextMapReaderERKNS3_13TextMapWriterEE11decodeValueERKNSt7__cxx1112basic_stringIcSt11char_traitsIcESaIcEEE	4571453
_ZNK13jaegertracing11propagation10PropagatorIRKN11opentracing2v213TextMapReaderERKNS3_13TextMapWriterEE11encodeValueERKNSt7__cxx1112basic_stringIcSt11char_traitsIcESaIcEEE	2066692
_ZNK13jaegertracing11propagation10PropagatorIRKN11opentracing2v213TextMapReaderERKNS3_13TextMapWriterEE12normalizeKeyERKNSt7__cxx1112basic_stringIcSt11char_traitsIcESaIcEEE	2965159
_ZNK13jaegertracing11propagation10PropagatorIRKN11opentracing2v213TextMapReaderERKNS3_13TextMapWriterEE6injectERKNS_11SpanContextES9_	985653
_ZNK13jaegertracing11propagation10PropagatorIRKN11opentracing2v213TextMapReaderERKNS3_13TextMapWriterEE7extractES6_	9527982
_ZNK13jaegertracing12_GLOBAL__N_123SamplingPriorityVisitorclEPKc	1966516
_ZNK13jaegertracing4Span6thriftEv	6523351
_ZNK13jaegertracing4Span7contextEv	5744849
_ZNK13jaegertracing6Tracer17analyzeReferencesERKSt6vectorISt4pairIN11opentracing2v217SpanReferenceTypeEPKNS4_11SpanContextEESaIS9_EE	9093660
_ZNK13jaegertracing6Tracer17startSpanInternalERKNS_11SpanContextERKNSt7__cxx1112basic_stringIcSt11char_traitsIcESaIcEEERKNSt6chrono10time_pointINSC_3_V212system_clockENSC_8durationIlSt5ratioILl1ELl1000000000EEEEEERKNSD_INSE_12steady_clockESJ_EERKSt6vectorINS_3TagESaISS_EERKSR_ISt4pairIS9_N11opentracing2v25ValueEESaIS11_EEbRKSR_INS_9ReferenceESaIS16_EE	9050018
_ZNK13jaegertracing6Tracer20StartSpanWithOptionsEN11opentracing2v211string_viewERKNS2_16StartSpanOptionsE	10557695
_ZNK13jaegertracing6Tracer6InjectERKN11opentracing2v211SpanContextERKNS2_13TextMapWriterE	3494652
_ZNK13jaegertracing6Tracer6InjectERKN11opentracing2v211SpanContextERSo	1846144
_ZNK13jaegertracing6Tracer7ExtractERKN11opentracing2v213TextMapReaderE	4492592
_ZNK13jaegertracing6Tracer7ExtractERSi	1444061
_ZNK13jaegertracing6thrift3Log7printToERSo	2490734
_ZNK13jaegertracing6thrift4Span5writeEPN6apache6thrift8protocol9TProtocolE	11119348
_ZNK13jaegertracing6thrift7SpanRef5writeEPN6apache6thrift8protocol9TProtocolE	4907339
_ZNK13jaegertracing6thrift7SpanRef7printToERSo	4056126
_ZNK13jaegertracing7TraceID5printISoEEvRT_	1254622
_ZNK13media_service13TextMapReader10ForeachKeyESt8functionIFN11opentracing2v28expectedIvSt10error_codeEENS3_11string_viewES7_EE	9312054
_ZNK13media_service13TextMapWriter3SetEN11opentracing2v211string_viewES3_	499847
_ZNK13media_service32RatingService_UploadRating_pargs5writeEPN6apache6thrift8protocol9TProtocolE	3971934
_ZNK13media_service38ReviewStorageService_StoreReview_pargs5writeEPN6apache6thrift8protocol9TProtocolE	1251264
_ZNK13media_service39ComposeReviewService_UploadRating_pargs5writeEPN6apache6thrift8protocol9TProtocolE	4094031
_ZNK13media_service40ComposeReviewService_UploadMovieId_pargs5writeEPN6apache6thrift8protocol9TProtocolE	3512180
_ZNK13media_service40UserReviewService_UploadUserReview_pargs5writeEPN6apache6thrift8protocol9TProtocolE	1715767
_ZNK13media_service42MovieReviewService_UploadMovieReview_pargs5writeEPN6apache6thrift8protocol9TProtocolE	599462
_ZNK13media_service4Page7printToERSo	2379820
_ZNK13media_service6Review5writeEPN6apache6thrift8protocol9TProtocolE	611835
_ZNK5boost10wrapexceptINS_3log12v2s_mt_posix16limitation_errorEE7rethrowEv	3409933
_ZNK5boost3log12v2s_mt_posix10attributes20attribute_value_implINS1_7trivial14severity_levelEE8get_typeEv	1095170
_ZNK5boost3log12v2s_mt_posix15value_extractorINS1_7trivial14severity_levelENS1_16fallback_to_noneENS3_3tag8severityEEclERKNS1_14attribute_nameERKNS1_19attribute_value_setE	542370
_ZNK5boost3log12v2s_mt_posix19attribute_value_set4findENS1_14attribute_nameE	4123346
_ZNK5boost3log12v2s_mt_posix3aux20thread_specific_base11get_contentEv	871315
_ZNK5boost3log12v2s_mt_posix3aux20thread_specific_base11set_contentEPv	1976773
_ZNK5boost3log12v2s_mt_posix4core19get_logging_enabledEv	924562
_ZNK5boost6system14error_category23default_error_conditionEi	1300844
_ZNK6apache6thrift8protocol18TProtocolException4whatEv	1579595
_ZNK7tacopie10tcp_client12is_connectedEv	666823
_ZNK7tacopie10tcp_socket6get_fdEv	644971
_ZNK7tacopie10tcp_socket7is_ipv6Ev	3316994
_ZNK7tacopie5utils11thread_pool11should_stopEv	765187
_ZNK7tacopie9self_pipe11get_read_fdEv	502423
_ZNK9cpp_redis6client15is_reconnectingEv	823208
_ZNK9cpp_redis7network16redis_connection12is_connectedEv	490529
_ZNK9cpp_redis8builders13reply_builder15reply_availableEv	1016695
_ZNK9cpp_redis8builders15integer_builder9get_replyEv	594295
_ZNKSt10error_code23default_error_conditionEv	3457475
_ZNKSt11__use_cacheISt16__numpunct_cacheIcEEclERKSt6locale	2755549
_ZNKSt14__basic_futureIvE13_M_get_resultEv	3285511
_ZNKSt19__codecvt_utf8_baseIDiE10do_unshiftER11__mbstate_tPcS3_RS3_	481923
_ZNKSt19__codecvt_utf8_baseIDsE10do_unshiftER11__mbstate_tPcS3_RS3_	481923
_ZNKSt19__codecvt_utf8_baseIwE10do_unshiftER11__mbstate_tPcS3_RS3_	481923
_ZNKSt20__codecvt_utf16_baseIDiE10do_unshiftER11__mbstate_tPcS3_RS3_	481923
_ZNKSt20__codecvt_utf16_baseIDsE10do_unshiftER11__mbstate_tPcS3_RS3_	481923
_ZNKSt20__codecvt_utf16_baseIwE10do_unshiftER11__mbstate_tPcS3_RS3_	481923
_ZNKSt25__codecvt_utf8_utf16_baseIDiE10do_unshiftER11__mbstate_tPcS3_RS3_	481923
_ZNKSt25__codecvt_utf8_utf16_baseIDsE10do_unshiftER11__mbstate_tPcS3_RS3_	481923
_ZNKSt25__codecvt_utf8_utf16_baseIwE10do_unshiftER11__mbstate_tPcS3_RS3_	481923
_ZNKSt5ctypeIcE6narrowEcc	1320655
_ZNKSt7__cxx1112basic_stringIcSt11char_traitsIcESaIcEE4copyEPcmm	3703704
_ZNKSt7__cxx1112basic_stringIcSt11char_traitsIcESaIcEE4findEPKcmm	1650819
_ZNKSt7__cxx1112basic_stringIcSt11char_traitsIcESaIcEE7compareEPKc	3615214
_ZNKSt7__cxx1112basic_stringIcSt11char_traitsIcESaIcEE7compareEmmRKS4_mm	1971307
_ZNKSt7codecvtIDic11__mbstate_tE10do_unshiftERS0_PcS3_RS3_	481923
_ZNKSt7codecvtIDsc11__mbstate_tE10do_unshiftERS0_PcS3_RS3_	481923
_ZNKSt7num_putIcSt19ostreambuf_iteratorIcSt11char_traitsIcEEE13_M_insert_intImEES3_S3_RSt8ios_basecT_	6306687
_ZNKSt7num_putIcSt19ostreambuf_iteratorIcSt11char_traitsIcEEE3putES3_RSt8ios_basecl	2035557
_ZNKSt7num_putIcSt19ostreambuf_iteratorIcSt11char_traitsIcEEE6_M_padEclRSt8ios_basePcPKcRi	1382950
_ZNKSt7num_putIcSt19ostreambuf_iteratorIcSt11char_traitsIcEEE6do_putES3_RSt8ios_basecPKv	1688633
_ZNKSt7num_putIcSt19ostreambuf_iteratorIcSt11char_traitsIcEEE6do_putES3_RSt8ios_basecb	6623173
_ZNKSt7num_putIcSt19ostreambuf_iteratorIcSt11char_traitsIcEEE6do_putES3_RSt8ios_basecm	780231
_ZNKSt8__detail9_EqualityINSt7__cxx1112basic_stringIcSt11char_traitsIcESaIcEEESt4pairIKS6_S6_ESaIS9_ENS_10_Select1stESt8equal_toIS6_ESt4hashIS6_ENS_18_Mod_range_hashingENS_20_Default_ranged_hashENS_20_Prime_rehash_policyENS_17_Hashtable_traitsILb1ELb0ELb1EEELb1EE8_M_equalERKSt10_HashtableIS6_S9_SA_SB_SD_SF_SG_SH_SI_SK_E	1117927
_ZNSi3getERc	5566155
_ZNSi3getEv	4034838
_ZNSi4swapERSi	1594969
_ZNSi6sentryC1ERSib	4125141
_ZNSi6sentryC2ERSib	4125141
_ZNSi7putbackEc	4634962
_ZNSi8readsomeEPcl	950406
_ZNSo4swapERSo	3114759
_ZNSo6sentryC1ERSo	4665818
_ZNSo6sentryC2ERSo	4665818
_ZNSo6sentryD1Ev	506212
_ZNSo6sentryD2Ev	506212
_ZNSo9_M_insertImEERSoT_	6247686
_ZNSoD1Ev	2156172
_ZNSolsEi	3086769
_ZNSt10_HashtableINSt7__cxx1112basic_stringIcSt11char_traitsIcESaIcEEESt4pairIKS5_N11opentracing2v25ValueEESaISB_ENSt8__detail10_Select1stESt8equal_toIS5_ESt4hashIS5_ENSD_18_Mod_range_hashingENSD_20_Default_ranged_hashENSD_20_Prime_rehash_policyENSD_17_Hashtable_traitsILb1ELb0ELb1EEEE9_M_assignIRKSO_NSD_10_AllocNodeISaINSD_10_Hash_nodeISB_Lb1EEEEEEEEvOT_RKT0_	6468803
_ZNSt10_HashtableINSt7__cxx1112basic_stringIcSt11char_traitsIcESaIcEEESt4pairIKS5_S5_ESaIS8_ENSt8__detail10_Select1stESt8equal_toIS5_ESt4hashIS5_ENSA_18_Mod_range_hashingENSA_20_Default_ranged_hashENSA_20_Prime_rehash_policyENSA_17_Hashtable_traitsILb1ELb0ELb1EEEE5clearEv	2295207
_ZNSt10_HashtableINSt7__cxx1112basic_stringIcSt11char_traitsIcESaIcEEESt4pairIKS5_S5_ESaIS8_ENSt8__detail10_Select1stESt8equal_toIS5_ESt4hashIS5_ENSA_18_Mod_range_hashingENSA_20_Default_ranged_hashENSA_20_Prime_rehash_policyENSA_17_Hashtable_traitsILb1ELb0ELb1EEEE9_M_assignIRKSL_NSA_10_AllocNodeISaINSA_10_Hash_nodeIS8_Lb1EEEEEEEEvOT_RKT0_	5262127
_ZNSt10_HashtableINSt7__cxx1112basic_stringIcSt11char_traitsIcESaIcEEESt4pairIKS5_S5_ESaIS8_ENSt8__detail10_Select1stESt8equal_toIS5_ESt4hashIS5_ENSA_18_Mod_range_hashingENSA_20_Default_ranged_hashENSA_20_Prime_rehash_policyENSA_17_Hashtable_traitsILb1ELb0ELb1EEEED2Ev	5040771
_ZNSt10_HashtableIiSt4pairIKiN7tacopie10io_service14tracked_socketEESaIS5_ENSt8__detail10_Select1stESt8equal_toIiESt4hashIiENS7_18_Mod_range_hashingENS7_20_Default_ranged_hashENS7_20_Prime_rehash_policyENS7_17_Hashtable_traitsILb0ELb0ELb1EEEE9_M_rehashEmRKm	1196167
_ZNSt10unique_ptrINSt13__future_base7_ResultIvEENS0_12_Result_base8_DeleterEED2Ev	5242402
_ZNSt11_Deque_baseIN13jaegertracing4SpanESaIS1_EE15_M_create_nodesEPPS1_S5_	5667280
_ZNSt11_Deque_baseIsSaIsEE15_M_create_nodesEPPsS3_	547414
_ZNSt11_Deque_baseIsSaIsEE17_M_initialize_mapEm	4727604
_ZNSt11__copy_moveILb0ELb0ESt26random_access_iterator_tagE8__copy_mIPKN11opentracing2v29LogRecordESt20back_insert_iteratorISt6vectorIN13jaegertracing9LogRecordESaISB_EEEEET0_T_SG_SF_	2106135
_ZNSt11unique_lockISt5mutexE6unlockEv	1682580
_ZNSt12_Destroy_auxILb0EE9__destroyIPN13jaegertracing9ReferenceEEEvT_S5_	5701713
_ZNSt12future_errorC1ESt10error_code	732590
_ZNSt12future_errorC2ESt10error_code	3513237
_ZNSt13__future_base12_Result_baseC1Ev	3930184
_ZNSt13__future_base12_Result_baseC2Ev	3930184
_ZNSt13__future_base12_Result_baseD0Ev	584091
_ZNSt13__future_base12_Result_baseD1Ev	2328998
_ZNSt13__future_base12_Result_baseD2Ev	2328998
_ZNSt13__future_base13_State_baseV213_M_set_resultESt8functionIFSt10unique_ptrINS_12_Result_baseENS3_8_DeleterEEvEEb	15196442
_ZNSt13__future_base13_State_baseV216_M_break_promiseESt10unique_ptrINS_12_Result_baseENS2_8_DeleterEE	1682016
_ZNSt13__future_base13_State_baseV29_M_do_setEPSt8functionIFSt10unique_ptrINS_12_Result_baseENS3_8_DeleterEEvEEPb	3392040
_ZNSt13__future_base17_Async_state_implINSt6thread8_InvokerISt5tupleIJZN13media_service13RatingHandler12UploadRatingElRKNSt7__cxx1112basic_stringIcSt11char_traitsIcESaIcEEEiRKSt3mapISB_SB_St4lessISB_ESaISt4pairISC_SB_EEEE3$_0EEEEvE6_M_runEv	4179519
_ZNSt13__future_base17_Async_state_implINSt6thread8_InvokerISt5tupleIJZN13media_service13RatingHandler12UploadRatingElRKNSt7__cxx1112basic_stringIcSt11char_traitsIcESaIcEEEiRKSt3mapISB_SB_St4lessISB_ESaISt4pairISC_SB_EEEE3$_0EEEEvED2Ev	1320448
_ZNSt13__future_base17_Async_state_implINSt6thread8_InvokerISt5tupleIJZN13media_service13RatingHandler12UploadRatingElRKNSt7__cxx1112basic_stringIcSt11char_traitsIcESaIcEEEiRKSt3mapISB_SB_St4lessISB_ESaISt4pairISC_SB_EEEE3$_1EEEEvE6_M_runEv	3269244
_ZNSt13__future_base17_Async_state_implINSt6thread8_InvokerISt5tupleIJZN13media_service13RatingHandler12UploadRatingElRKNSt7__cxx1112basic_stringIcSt11char_traitsIcESaIcEEEiRKSt3mapISB_SB_St4lessISB_ESaISt4pairISC_SB_EEEE3$_1EEEEvED2Ev	528262
_ZNSt13__future_base17_Async_state_implINSt6thread8_InvokerISt5tupleIJZN13media_service14MovieIdHandler13UploadMovieIdElRKNSt7__cxx1112basic_stringIcSt11char_traitsIcESaIcEEEiRKSt3mapISB_SB_St4lessISB_ESaISt4pairISC_SB_EEEE3$_0EEEEvE6_M_runEv	3050693
_ZNSt13__future_base17_Async_state_implINSt6thread8_InvokerISt5tupleIJZN13media_service14MovieIdHandler13UploadMovieIdElRKNSt7__cxx1112basic_stringIcSt11char_traitsIcESaIcEEEiRKSt3mapISB_SB_St4lessISB_ESaISt4pairISC_SB_EEEE3$_1EEEEvE6_M_runEv	2903618
_ZNSt13__future_base17_Async_state_implINSt6thread8_InvokerISt5tupleIJZN13media_service14MovieIdHandler13UploadMovieIdElRKNSt7__cxx1112basic_stringIcSt11char_traitsIcESaIcEEEiRKSt3mapISB_SB_St4lessISB_ESaISt4pairISC_SB_EEEE3$_1EEEEvED2Ev	1334322
_ZNSt13__future_base17_Async_state_implINSt6thread8_InvokerISt5tupleIJZN13media_service14MovieIdHandler13UploadMovieIdElRKNSt7__cxx1112basic_stringIcSt11char_traitsIcESaIcEEEiRKSt3mapISB_SB_St4lessISB_ESaISt4pairISC_SB_EEEE3$_2EEEEvE6_M_runEv	5861892
_ZNSt13__future_base17_Async_state_implINSt6thread8_InvokerISt5tupleIJZN13media_service20ComposeReviewHandler17_ComposeAndUploadElRKSt3mapINSt7__cxx1112basic_stringIcSt11char_traitsIcESaIcEEESC_St4lessISC_ESaISt4pairIKSC_SC_EEEE3$_0EEEEvE6_M_runEv	1407508
_ZNSt13__future_base17_Async_state_implINSt6thread8_InvokerISt5tupleIJZN13media_service20ComposeReviewHandler17_ComposeAndUploadElRKSt3mapINSt7__cxx1112basic_stringIcSt11char_traitsIcESaIcEEESC_St4lessISC_ESaISt4pairIKSC_SC_EEEE3$_0EEEEvED2Ev	737105
_ZNSt13__future_base17_Async_state_implINSt6thread8_InvokerISt5tupleIJZN13media_service20ComposeReviewHandler17_ComposeAndUploadElRKSt3mapINSt7__cxx1112basic_stringIcSt11char_traitsIcESaIcEEESC_St4lessISC_ESaISt4pairIKSC_SC_EEEE3$_1EEEEvE6_M_runEv	1828039
_ZNSt13__future_base17_Async_state_implINSt6thread8_InvokerISt5tupleIJZN13media_service20ComposeReviewHandler17_ComposeAndUploadElRKSt3mapINSt7__cxx1112basic_stringIcSt11char_traitsIcESaIcEEESC_St4lessISC_ESaISt4pairIKSC_SC_EEEE3$_2EEEEvE6_M_runEv	1377573
_ZNSt13__future_base21_Async_state_commonV217_M_complete_asyncEv	6914752
_ZNSt13__future_base7_ResultIN9cpp_redis5replyEE10_M_destroyEv	3165030
_ZNSt13__future_base7_ResultIN9cpp_redis5replyEED0Ev	2452645
_ZNSt13__future_base7_ResultIvED0Ev	1704674
_ZNSt13bad_exceptionD1Ev	1411981
_ZNSt13bad_exceptionD2Ev	1411981
_ZNSt14__basic_futureIvED2Ev	3877980
_ZNSt14collate_bynameIcEC1ERKSsm	652335
_ZNSt14collate_bynameIcEC2ERKSsm	652335
_ZNSt15_Sp_counted_ptrIPN11opentracing2v212_GLOBAL__N_110NoopTracerELN9__gnu_cxx12_Lock_policyE2EE14_M_get_deleterERKSt9type_info	804829
_ZNSt15_Sp_counted_ptrIPN6apache6thrift8protocol9TProtocolELN9__gnu_cxx12_Lock_policyE2EE10_M_destroyEv	1210600
_ZNSt15_Sp_counted_ptrIPN6apache6thrift8protocol9TProtocolELN9__gnu_cxx12_Lock_policyE2EE10_M_disposeEv	1936961
_ZNSt15_Sp_counted_ptrIPN6apache6thrift8protocol9TProtocolELN9__gnu_cxx12_Lock_policyE2EED0Ev	893349
_ZNSt15basic_streambufIcSt11char_traitsIcEE5uflowEv	2222375
_ZNSt15basic_streambufIcSt11char_traitsIcEE6xsputnEPKcl	4856633
_ZNSt15basic_streambufIwSt11char_traitsIwEED0Ev	1759588
_ZNSt16_Sp_counted_baseILN9__gnu_cxx12_Lock_policyE2EE10_M_releaseEv	1288396
_ZNSt17_Function_handlerIFN11opentracing2v28expectedIvSt10error_codeEENS1_11string_viewES5_EZNK13jaegertracing11propagation10PropagatorIRKNS1_13TextMapReaderERKNS1_13TextMapWriterEE7extractESC_EUlRKNSt7__cxx1112basic_stringIcSt11char_traitsIcESaIcEEESO_E_E10_M_managerERSt9_Any_dataRKSR_St18_Manager_operation	496277
_ZNSt17_Function_handlerIFN11opentracing2v28expectedIvSt10error_codeEENS1_11string_viewES5_EZNK13jaegertracing11propagation10PropagatorIRKNS1_13TextMapReaderERKNS1_13TextMapWriterEE7extractESC_EUlRKNSt7__cxx1112basic_stringIcSt11char_traitsIcESaIcEEESO_E_E9_M_invokeERKSt9_Any_dataOS5_SU_	2641310
_ZNSt17_Function_handlerIFRN9cpp_redis6clientERKSt8functionIFvRNS0_5replyEEEEZNS1_4incrERKNSt7__cxx1112basic_stringIcSt11char_traitsIcESaIcEEEEUlS9_E_E10_M_managerERSt9_Any_dataRKSL_St18_Manager_operation	3957705
_ZNSt17_Function_handlerIFRN9cpp_redis6clientERKSt8functionIFvRNS0_5replyEEEEZNS1_4incrERKNSt7__cxx1112basic_stringIcSt11char_traitsIcESaIcEEEEUlS9_E_E9_M_invokeERKSt9_Any_dataS9_	1033218
_ZNSt17_Function_handlerIFRN9cpp_redis6clientERKSt8functionIFvRNS0_5replyEEEEZNS1_5hvalsERKNSt7__cxx1112basic_stringIcSt11char_traitsIcESaIcEEEEUlS9_E_E10_M_managerERSt9_Any_dataRKSL_St18_Manager_operation	2645570
_ZNSt17_Function_handlerIFRN9cpp_redis6clientERKSt8functionIFvRNS0_5replyEEEEZNS1_6incrbyERKNSt7__cxx1112basic_stringIcSt11char_traitsIcESaIcEEEiEUlS9_E_E10_M_managerERSt9_Any_dataRKSL_St18_Manager_operation	1056524
_ZNSt17_Function_handlerIFRN9cpp_redis6clientERKSt8functionIFvRNS0_5replyEEEEZNS1_6incrbyERKNSt7__cxx1112basic_stringIcSt11char_traitsIcESaIcEEEiEUlS9_E_E9_M_invokeERKSt9_Any_dataS9_	807067
_ZNSt17_Function_handlerIFSt10unique_ptrINSt13__future_base12_Result_baseENS2_8_DeleterEEvENS1_12_Task_setterIS0_INS1_7_ResultIvEES3_ENSt6thread8_InvokerISt5tupleIJZN13media_service13RatingHandler12UploadRatingElRKNSt7__cxx1112basic_stringIcSt11char_traitsIcESaIcEEEiRKSt3mapISK_SK_St4lessISK_ESaISt4pairISL_SK_EEEE3$_0EEEEvEEE10_M_managerERSt9_Any_dataRKS11_St18_Manager_operation	1746199
_ZNSt17_Function_handlerIFSt10unique_ptrINSt13__future_base12_Result_baseENS2_8_DeleterEEvENS1_12_Task_setterIS0_INS1_7_ResultIvEES3_ENSt6thread8_InvokerISt5tupleIJZN13media_service13RatingHandler12UploadRatingElRKNSt7__cxx1112basic_stringIcSt11char_traitsIcESaIcEEEiRKSt3mapISK_SK_St4lessISK_ESaISt4pairISL_SK_EEEE3$_0EEEEvEEE9_M_invokeERKSt9_Any_data	2478549
_ZNSt17_Function_handlerIFSt10unique_ptrINSt13__future_base12_Result_baseENS2_8_DeleterEEvENS1_12_Task_setterIS0_INS1_7_ResultIvEES3_ENSt6thread8_InvokerISt5tupleIJZN13media_service13RatingHandler12UploadRatingElRKNSt7__cxx1112basic_stringIcSt11char_traitsIcESaIcEEEiRKSt3mapISK_SK_St4lessISK_ESaISt4pairISL_SK_EEEE3$_1EEEEvEEE9_M_invokeERKSt9_Any_data	2001393
_ZNSt17_Function_handlerIFSt10unique_ptrINSt13__future_base12_Result_baseENS2_8_DeleterEEvENS1_12_Task_setterIS0_INS1_7_ResultIvEES3_ENSt6thread8_InvokerISt5tupleIJZN13media_service14MovieIdHandler13UploadMovieIdElRKNSt7__cxx1112basic_stringIcSt11char_traitsIcESaIcEEEiRKSt3mapISK_SK_St4lessISK_ESaISt4pairISL_SK_EEEE3$_0EEEEvEEE9_M_invokeERKSt9_Any_data	787115
_ZNSt17_Function_handlerIFSt10unique_ptrINSt13__future_base12_Result_baseENS2_8_DeleterEEvENS1_12_Task_setterIS0_INS1_7_ResultIvEES3_ENSt6thread8_InvokerISt5tupleIJZN13media_service14MovieIdHandler13UploadMovieIdElRKNSt7__cxx1112basic_stringIcSt11char_traitsIcESaIcEEEiRKSt3mapISK_SK_St4lessISK_ESaISt4pairISL_SK_EEEE3$_1EEEEvEEE10_M_managerERSt9_Any_dataRKS11_St18_Manager_operation	1825107
_ZNSt17_Function_handlerIFSt10unique_ptrINSt13__future_base12_Result_baseENS2_8_DeleterEEvENS1_12_Task_setterIS0_INS1_7_ResultIvEES3_ENSt6thread8_InvokerISt5tupleIJZN13media_service14MovieIdHandler13UploadMovieIdElRKNSt7__cxx1112basic_stringIcSt11char_traitsIcESaIcEEEiRKSt3mapISK_SK_St4lessISK_ESaISt4pairISL_SK_EEEE3$_1EEEEvEEE9_M_invokeERKSt9_Any_data	2191522
_ZNSt17_Function_handlerIFSt10unique_ptrINSt13__future_base12_Result_baseENS2_8_DeleterEEvENS1_12_Task_setterIS0_INS1_7_ResultIvEES3_ENSt6thread8_InvokerISt5tupleIJZN13media_service14MovieIdHandler13UploadMovieIdElRKNSt7__cxx1112basic_stringIcSt11char_traitsIcESaIcEEEiRKSt3mapISK_SK_St4lessISK_ESaISt4pairISL_SK_EEEE3$_2EEEEvEEE10_M_managerERSt9_Any_dataRKS11_St18_Manager_operation	687962
_ZNSt17_Function_handlerIFSt10unique_ptrINSt13__future_base12_Result_baseENS2_8_DeleterEEvENS1_12_Task_setterIS0_INS1_7_ResultIvEES3_ENSt6thread8_InvokerISt5tupleIJZN13media_service14MovieIdHandler13UploadMovieIdElRKNSt7__cxx1112basic_stringIcSt11char_traitsIcESaIcEEEiRKSt3mapISK_SK_St4lessISK_ESaISt4pairISL_SK_EEEE3$_2EEEEvEEE9_M_invokeERKSt9_Any_data	4270840
_ZNSt17_Function_handlerIFSt10unique_ptrINSt13__future_base12_Result_baseENS2_8_DeleterEEvENS1_12_Task_setterIS0_INS1_7_ResultIvEES3_ENSt6thread8_InvokerISt5tupleIJZN13media_service20ComposeReviewHandler17_ComposeAndUploadElRKSt3mapINSt7__cxx1112basic_stringIcSt11char_traitsIcESaIcEEESL_St4lessISL_ESaISt4pairIKSL_SL_EEEE3$_0EEEEvEEE10_M_managerERSt9_Any_dataRKS10_St18_Manager_operation	796105
_ZNSt17_Function_handlerIFSt10unique_ptrINSt13__future_base12_Result_baseENS2_8_DeleterEEvENS1_12_Task_setterIS0_INS1_7_ResultIvEES3_ENSt6thread8_InvokerISt5tupleIJZN13media_service20ComposeReviewHandler17_ComposeAndUploadElRKSt3mapINSt7__cxx1112basic_stringIcSt11char_traitsIcESaIcEEESL_St4lessISL_ESaISt4pairIKSL_SL_EEEE3$_0EEEEvEEE9_M_invokeERKSt9_Any_data	1366671
_ZNSt17_Function_handlerIFSt10unique_ptrINSt13__future_base12_Result_baseENS2_8_DeleterEEvENS1_12_Task_setterIS0_INS1_7_ResultIvEES3_ENSt6thread8_InvokerISt5tupleIJZN13media_service20ComposeReviewHandler17_ComposeAndUploadElRKSt3mapINSt7__cxx1112basic_stringIcSt11char_traitsIcESaIcEEESL_St4lessISL_ESaISt4pairIKSL_SL_EEEE3$_1EEEEvEEE10_M_managerERSt9_Any_dataRKS10_St18_Manager_operation	479137
_ZNSt17_Function_handlerIFSt10unique_ptrINSt13__future_base12_Result_baseENS2_8_DeleterEEvENS1_12_Task_setterIS0_INS1_7_ResultIvEES3_ENSt6thread8_InvokerISt5tupleIJZN13media_service20ComposeReviewHandler17_ComposeAndUploadElRKSt3mapINSt7__cxx1112basic_stringIcSt11char_traitsIcESaIcEEESL_St4lessISL_ESaISt4pairIKSL_SL_EEEE3$_1EEEEvEEE9_M_invokeERKSt9_Any_data	1217381
_ZNSt17_Function_handlerIFSt10unique_ptrINSt13__future_base12_Result_baseENS2_8_DeleterEEvENS1_12_Task_setterIS0_INS1_7_ResultIvEES3_ENSt6thread8_InvokerISt5tupleIJZN13media_service20ComposeReviewHandler17_ComposeAndUploadElRKSt3mapINSt7__cxx1112basic_stringIcSt11char_traitsIcESaIcEEESL_St4lessISL_ESaISt4pairIKSL_SL_EEEE3$_2EEEEvEEE10_M_managerERSt9_Any_dataRKS10_St18_Manager_operation	958274
_ZNSt17_Function_handlerIFSt10unique_ptrINSt13__future_base12_Result_baseENS2_8_DeleterEEvENS1_12_Task_setterIS0_INS1_7_ResultIvEES3_ENSt6thread8_InvokerISt5tupleIJZN13media_service20ComposeReviewHandler17_ComposeAndUploadElRKSt3mapINSt7__cxx1112basic_stringIcSt11char_traitsIcESaIcEEESL_St4lessISL_ESaISt4pairIKSL_SL_EEEE3$_2EEEEvEEE9_M_invokeERKSt9_Any_data	1605088
_ZNSt17_Function_handlerIFSt10unique_ptrINSt13__future_base12_Result_baseENS2_8_DeleterEEvENS1_13_State_baseV27_SetterIN9cpp_redis5replyERKS9_EEE9_M_invokeERKSt9_Any_data	2989083
_ZNSt17_Function_handlerIFvRKNSt7__cxx1112basic_stringIcSt11char_traitsIcESaIcEEEmN9cpp_redis6client13connect_stateEEZN13media_service11RedisClient7ConnectEvE3$_0E10_M_managerERSt9_Any_dataRKSG_St18_Manager_operation	696759
_ZNSt17_Function_handlerIFvRN7tacopie10tcp_client11read_resultEEZN9cpp_redis7network10tcp_client10async_readERNS6_16tcp_client_iface12read_requestEEUlS3_E_E10_M_managerERSt9_Any_dataRKSD_St18_Manager_operation	990491
_ZNSt17_Function_handlerIFvRN7tacopie10tcp_client11read_resultEEZN9cpp_redis7network10tcp_client10async_readERNS6_16tcp_client_iface12read_requestEEUlS3_E_E9_M_invokeERKSt9_Any_dataS3_	3081528
_ZNSt17_Function_handlerIFvRN7tacopie10tcp_client12write_resultEEZN9cpp_redis7network10tcp_client11async_writeERNS6_16tcp_client_iface13write_requestEEUlS3_E_E10_M_managerERSt9_Any_dataRKSD_St18_Manager_operation	1352449
_ZNSt17_Function_handlerIFvRN7tacopie10tcp_client12write_resultEEZN9cpp_redis7network10tcp_client11async_writeERNS6_16tcp_client_iface13write_requestEEUlS3_E_E9_M_invokeERKSt9_Any_dataS3_	1429551
_ZNSt17_Function_handlerIFvRN9cpp_redis5replyEEZNS0_6client8exec_cmdERKSt8functionIFRS4_RKS5_IS3_EEEEUlS2_E_E10_M_managerERSt9_Any_dataRKSG_St18_Manager_operation	4490227
_ZNSt17_Function_handlerIFvRN9cpp_redis5replyEEZNS0_6client8exec_cmdERKSt8functionIFRS4_RKS5_IS3_EEEEUlS2_E_E9_M_invokeERKSt9_Any_dataS2_	1842688
_ZNSt17_Function_handlerIFvRN9cpp_redis5replyEEZNS0_6client9re_selectEvEUlS2_E_E10_M_managerERSt9_Any_dataRKS7_St18_Manager_operation	732590
_ZNSt17_Function_handlerIFvRN9cpp_redis7network16redis_connectionEESt5_BindIFMNS0_6clientEFvS3_EPS6_St12_PlaceholderILi1EEEEE9_M_invokeERKSt9_Any_dataS3_	1549569
_ZNSt17_Function_handlerIFvRN9cpp_redis7network16redis_connectionERNS0_5replyEESt5_BindIFMNS0_6clientEFvS3_S5_EPS8_St12_PlaceholderILi1EESC_ILi2EEEEE9_M_invokeERKSt9_Any_dataS3_S5_	774784
_ZNSt17_Function_handlerIFvRN9cpp_redis7network16tcp_client_iface11read_resultEESt5_BindIFMNS1_16redis_connectionEFvRKS3_EPS7_St12_PlaceholderILi1EEEEE10_M_managerERSt9_Any_dataRKSI_St18_Manager_operation	643102
_ZNSt17_Function_handlerIFvRN9cpp_redis7network16tcp_client_iface11read_resultEESt5_BindIFMNS1_16redis_connectionEFvRKS3_EPS7_St12_PlaceholderILi1EEEEE9_M_invokeERKSt9_Any_dataS4_	926775
_ZNSt17_Function_handlerIFviESt5_BindIFMN7tacopie10tcp_clientEFviEPS3_St12_PlaceholderILi1EEEEE10_M_managerERSt9_Any_dataRKSC_St18_Manager_operation	1577671
_ZNSt17_Function_handlerIFviESt5_BindIFMN7tacopie10tcp_clientEFviEPS3_St12_PlaceholderILi1EEEEE9_M_invokeERKSt9_Any_dataOi	1796091
_ZNSt17_Function_handlerIFvvESt5_BindIFMN9cpp_redis7network16redis_connectionEFvvEPS4_EEE9_M_invokeERKSt9_Any_data	1853551
_ZNSt17_Function_handlerIFvvEZN7tacopie10io_service16process_rd_eventERKiRNS2_14tracked_socketEEUlvE_E10_M_managerERSt9_Any_dataRKS9_St18_Manager_operation	7344309
_ZNSt17_Function_handlerIFvvEZN7tacopie10io_service16process_rd_eventERKiRNS2_14tracked_socketEEUlvE_E9_M_invokeERKSt9_Any_data	1315372
_ZNSt17_Function_handlerIFvvEZN7tacopie10io_service16process_wr_eventERKiRNS2_14tracked_socketEEUlvE_E10_M_managerERSt9_Any_dataRKS9_St18_Manager_operation	2956800
_ZNSt17_Function_handlerIFvvEZN7tacopie10io_service16process_wr_eventERKiRNS2_14tracked_socketEEUlvE_E9_M_invokeERKSt9_Any_data	1452721
_ZNSt18condition_variable10notify_allEv	1642242
_ZNSt18condition_variable10notify_oneEv	1642242
_ZNSt18condition_variable4waitERSt11unique_lockISt5mutexE	3831898
_ZNSt18condition_variableD1Ev	1550087
_ZNSt18condition_variableD2Ev	1550087
_ZNSt20__uninitialized_copyILb0EE13__uninit_copyIN9__gnu_cxx17__normal_iteratorIPKN13jaegertracing3TagESt6vectorIS5_SaIS5_EEEEPS5_EET0_T_SE_SD_	3961965
_ZNSt20__uninitialized_copyILb0EE13__uninit_copyIPN13jaegertracing9LogRecordES4_EET0_T_S6_S5_	4139628
_ZNSt23_Sp_counted_ptr_inplaceINSt13__future_base13_State_baseV2ESaIS1_ELN9__gnu_cxx12_Lock_policyE2EE10_M_disposeEv	733949
_ZNSt23_Sp_counted_ptr_inplaceINSt13__future_base17_Async_state_implINSt6thread8_InvokerISt5tupleIJZN13media_service13RatingHandler12UploadRatingElRKNSt7__cxx1112basic_stringIcSt11char_traitsIcESaIcEEEiRKSt3mapISC_SC_St4lessISC_ESaISt4pairISD_SC_EEEE3$_0EEEEvEESaISR_ELN9__gnu_cxx12_Lock_policyE2EE10_M_disposeEv	696759
_ZNSt23_Sp_counted_ptr_inplaceINSt13__future_base17_Async_state_implINSt6thread8_InvokerISt5tupleIJZN13media_service13RatingHandler12UploadRatingElRKNSt7__cxx1112basic_stringIcSt11char_traitsIcESaIcEEEiRKSt3mapISC_SC_St4lessISC_ESaISt4pairISD_SC_EEEE3$_0EEEEvEESaISR_ELN9__gnu_cxx12_Lock_policyE2EE14_M_get_deleterERKSt9type_info	549442
_ZNSt23_Sp_counted_ptr_inplaceINSt13__future_base17_Async_state_implINSt6thread8_InvokerISt5tupleIJZN13media_service13RatingHandler12UploadRatingElRKNSt7__cxx1112basic_stringIcSt11char_traitsIcESaIcEEEiRKSt3mapISC_SC_St4lessISC_ESaISt4pairISD_SC_EEEE3$_0EEEEvEESaISR_ELN9__gnu_cxx12_Lock_policyE2EED0Ev	774177
_ZNSt23_Sp_counted_ptr_inplaceINSt13__future_base17_Async_state_implINSt6thread8_InvokerISt5tupleIJZN13media_service14MovieIdHandler13UploadMovieIdElRKNSt7__cxx1112basic_stringIcSt11char_traitsIcESaIcEEEiRKSt3mapISC_SC_St4lessISC_ESaISt4pairISD_SC_EEEE3$_0EEEEvEESaISR_ELN9__gnu_cxx12_Lock_policyE2EE10_M_destroyEv	576559
_ZNSt23_Sp_counted_ptr_inplaceINSt13__future_base17_Async_state_implINSt6thread8_InvokerISt5tupleIJZN13media_service14MovieIdHandler13UploadMovieIdElRKNSt7__cxx1112basic_stringIcSt11char_traitsIcESaIcEEEiRKSt3mapISC_SC_St4lessISC_ESaISt4pairISD_SC_EEEE3$_0EEEEvEESaISR_ELN9__gnu_cxx12_Lock_policyE2EE14_M_get_deleterERKSt9type_info	922494
_ZNSt23_Sp_counted_ptr_inplaceINSt13__future_base17_Async_state_implINSt6thread8_InvokerISt5tupleIJZN13media_service14MovieIdHandler13UploadMovieIdElRKNSt7__cxx1112basic_stringIcSt11char_traitsIcESaIcEEEiRKSt3mapISC_SC_St4lessISC_ESaISt4pairISD_SC_EEEE3$_0EEEEvEESaISR_ELN9__gnu_cxx12_Lock_policyE2EED0Ev	576559
_ZNSt23_Sp_counted_ptr_inplaceINSt13__future_base17_Async_state_implINSt6thread8_InvokerISt5tupleIJZN13media_service14MovieIdHandler13UploadMovieIdElRKNSt7__cxx1112basic_stringIcSt11char_traitsIcESaIcEEEiRKSt3mapISC_SC_St4lessISC_ESaISt4pairISD_SC_EEEE3$_1EEEEvEESaISR_ELN9__gnu_cxx12_Lock_policyE2EE10_M_destroyEv	716580
_ZNSt23_Sp_counted_ptr_inplaceINSt13__future_base17_Async_state_implINSt6thread8_InvokerISt5tupleIJZN13media_service14MovieIdHandler13UploadMovieIdElRKNSt7__cxx1112basic_stringIcSt11char_traitsIcESaIcEEEiRKSt3mapISC_SC_St4lessISC_ESaISt4pairISD_SC_EEEE3$_1EEEEvEESaISR_ELN9__gnu_cxx12_Lock_policyE2EE10_M_disposeEv	644922
_ZNSt23_Sp_counted_ptr_inplaceINSt13__future_base17_Async_state_implINSt6thread8_InvokerISt5tupleIJZN13media_service14MovieIdHandler13UploadMovieIdElRKNSt7__cxx1112basic_stringIcSt11char_traitsIcESaIcEEEiRKSt3mapISC_SC_St4lessISC_ESaISt4pairISD_SC_EEEE3$_1EEEEvEESaISR_ELN9__gnu_cxx12_Lock_policyE2EED0Ev	716580
_ZNSt23_Sp_counted_ptr_inplaceINSt13__future_base17_Async_state_implINSt6thread8_InvokerISt5tupleIJZN13media_service14MovieIdHandler13UploadMovieIdElRKNSt7__cxx1112basic_stringIcSt11char_traitsIcESaIcEEEiRKSt3mapISC_SC_St4lessISC_ESaISt4pairISD_SC_EEEE3$_2EEEEvEESaISR_ELN9__gnu_cxx12_Lock_policyE2EE14_M_get_deleterERKSt9type_info	790709
_ZNSt23_Sp_counted_ptr_inplaceISt7promiseIN9cpp_redis5replyEESaIS3_ELN9__gnu_cxx12_Lock_policyE2EE10_M_disposeEv	919567
_ZNSt23mersenne_twister_engineImLm64ELm312ELm156ELm31ELm13043109905998158313ELm29ELm6148914691236517205ELm17ELm8202884508482404352ELm37ELm18444473444759240704ELm43ELm6364136223846793005EEclEv	12561036
_ZNSt3_V216generic_categoryEv	1885895
_ZNSt5dequeIN13jaegertracing4SpanESaIS1_EE16_M_push_back_auxIJRKS1_EEEvDpOT_	9732462
_ZNSt5dequeIN7tacopie10tcp_client12read_requestESaIS2_EE16_M_push_back_auxIJRKS2_EEEvDpOT_	558698
_ZNSt5dequeIN9cpp_redis5replyESaIS1_EE16_M_push_back_auxIJS1_EEEvDpOT_	2150026
_ZNSt5dequeIPN13media_service12ThriftClientINS0_23UserReviewServiceClientEEESaIS4_EE17_M_reallocate_mapEmb	650903
_ZNSt6chrono3_V212steady_clock3nowEv	2446687
_ZNSt6chrono3_V212system_clock3nowEv	1927354
_ZNSt6locale13_S_initializeEv	2159935
_ZNSt6locale18_S_initialize_onceEv	1318992
_ZNSt6locale5_ImplD1Ev	2666242
_ZNSt6locale5_ImplD2Ev	2666242
_ZNSt6localeC1Ev	1011271
_ZNSt6localeC2Ev	1011271
_ZNSt6localeaSERKS_	2928591
_ZNSt6thread11_State_implINS_8_InvokerISt5tupleIJMNSt13__future_base17_Async_state_implINS1_IS2_IJZN13media_service13RatingHandler12UploadRatingElRKNSt7__cxx1112basic_stringIcSt11char_traitsIcESaIcEEEiRKSt3mapISC_SC_St4lessISC_ESaISt4pairISD_SC_EEEE3$_0EEEEvEEFvvEPSR_EEEEE6_M_runEv	1046557
_ZNSt6thread11_State_implINS_8_InvokerISt5tupleIJMNSt13__future_base17_Async_state_implINS1_IS2_IJZN13media_service13RatingHandler12UploadRatingElRKNSt7__cxx1112basic_stringIcSt11char_traitsIcESaIcEEEiRKSt3mapISC_SC_St4lessISC_ESaISt4pairISD_SC_EEEE3$_0EEEEvEEFvvEPSR_EEEEED0Ev	802360
_ZNSt6thread11_State_implINS_8_InvokerISt5tupleIJMNSt13__future_base17_Async_state_implINS1_IS2_IJZN13media_service13RatingHandler12UploadRatingElRKNSt7__cxx1112basic_stringIcSt11char_traitsIcESaIcEEEiRKSt3mapISC_SC_St4lessISC_ESaISt4pairISD_SC_EEEE3$_1EEEEvEEFvvEPSR_EEEEE6_M_runEv	953323
_ZNSt6thread11_State_implINS_8_InvokerISt5tupleIJMNSt13__future_base17_Async_state_implINS1_IS2_IJZN13media_service13RatingHandler12UploadRatingElRKNSt7__cxx1112basic_stringIcSt11char_traitsIcESaIcEEEiRKSt3mapISC_SC_St4lessISC_ESaISt4pairISD_SC_EEEE3$_1EEEEvEEFvvEPSR_EEEEED0Ev	898854
_ZNSt6thread11_State_implINS_8_InvokerISt5tupleIJMNSt13__future_base17_Async_state_implINS1_IS2_IJZN13media_service14MovieIdHandler13UploadMovieIdElRKNSt7__cxx1112basic_stringIcSt11char_traitsIcESaIcEEEiRKSt3mapISC_SC_St4lessISC_ESaISt4pairISD_SC_EEEE3$_0EEEEvEEFvvEPSR_EEEEE6_M_runEv	1594472
_ZNSt6thread11_State_implINS_8_InvokerISt5tupleIJMNSt13__future_base17_Async_state_implINS1_IS2_IJZN13media_service14MovieIdHandler13UploadMovieIdElRKNSt7__cxx1112basic_stringIcSt11char_traitsIcESaIcEEEiRKSt3mapISC_SC_St4lessISC_ESaISt4pairISD_SC_EEEE3$_0EEEEvEEFvvEPSR_EEEEED0Ev	1222429
_ZNSt6thread11_State_implINS_8_InvokerISt5tupleIJMNSt13__future_base17_Async_state_implINS1_IS2_IJZN13media_service14MovieIdHandler13UploadMovieIdElRKNSt7__cxx1112basic_stringIcSt11char_traitsIcESaIcEEEiRKSt3mapISC_SC_St4lessISC_ESaISt4pairISD_SC_EEEE3$_1EEEEvEEFvvEPSR_EEEEE6_M_runEv	2165347
_ZNSt6thread11_State_implINS_8_InvokerISt5tupleIJMNSt13__future_base17_Async_state_implINS1_IS2_IJZN13media_service14MovieIdHandler13UploadMovieIdElRKNSt7__cxx1112basic_stringIcSt11char_traitsIcESaIcEEEiRKSt3mapISC_SC_St4lessISC_ESaISt4pairISD_SC_EEEE3$_1EEEEvEEFvvEPSR_EEEEED0Ev	1200526
_ZNSt6thread11_State_implINS_8_InvokerISt5tupleIJMNSt13__future_base17_Async_state_implINS1_IS2_IJZN13media_service14MovieIdHandler13UploadMovieIdElRKNSt7__cxx1112basic_stringIcSt11char_traitsIcESaIcEEEiRKSt3mapISC_SC_St4lessISC_ESaISt4pairISD_SC_EEEE3$_2EEEEvEEFvvEPSR_EEEEE6_M_runEv	1219541
_ZNSt6thread11_State_implINS_8_InvokerISt5tupleIJMNSt13__future_base17_Async_state_implINS1_IS2_IJZN13media_service20ComposeReviewHandler17_ComposeAndUploadElRKSt3mapINSt7__cxx1112basic_stringIcSt11char_traitsIcESaIcEEESD_St4lessISD_ESaISt4pairIKSD_SD_EEEE3$_0EEEEvEEFvvEPSQ_EEEEE6_M_runEv	619908
_ZNSt6thread11_State_implINS_8_InvokerISt5tupleIJMNSt13__future_base17_Async_state_implINS1_IS2_IJZN13media_service20ComposeReviewHandler17_ComposeAndUploadElRKSt3mapINSt7__cxx1112basic_stringIcSt11char_traitsIcESaIcEEESD_St4lessISD_ESaISt4pairIKSD_SD_EEEE3$_0EEEEvEEFvvEPSQ_EEEEED0Ev	475263
_ZNSt6thread11_State_implINS_8_InvokerISt5tupleIJMNSt13__future_base17_Async_state_implINS1_IS2_IJZN13media_service20ComposeReviewHandler17_ComposeAndUploadElRKSt3mapINSt7__cxx1112basic_stringIcSt11char_traitsIcESaIcEEESD_St4lessISD_ESaISt4pairIKSD_SD_EEEE3$_1EEEEvEEFvvEPSQ_EEEEE6_M_runEv	578581
_ZNSt6thread11_State_implINS_8_InvokerISt5tupleIJMNSt13__future_base17_Async_state_implINS1_IS2_IJZN13media_service20ComposeReviewHandler17_ComposeAndUploadElRKSt3mapINSt7__cxx1112basic_stringIcSt11char_traitsIcESaIcEEESD_St4lessISD_ESaISt4pairIKSD_SD_EEEE3$_1EEEEvEEFvvEPSQ_EEEEED0Ev	443578
_ZNSt6thread11_State_implINS_8_InvokerISt5tupleIJMNSt13__future_base17_Async_state_implINS1_IS2_IJZN13media_service20ComposeReviewHandler17_ComposeAndUploadElRKSt3mapINSt7__cxx1112basic_stringIcSt11char_traitsIcESaIcEEESD_St4lessISD_ESaISt4pairIKSD_SD_EEEE3$_2EEEEvEEFvvEPSQ_EEEEE6_M_runEv	681898
_ZNSt6thread11_State_implINS_8_InvokerISt5tupleIJMNSt13__future_base17_Async_state_implINS1_IS2_IJZN13media_service20ComposeReviewHandler17_ComposeAndUploadElRKSt3mapINSt7__cxx1112basic_stringIcSt11char_traitsIcESaIcEEESD_St4lessISD_ESaISt4pairIKSD_SD_EEEE3$_2EEEEvEEFvvEPSQ_EEEEED0Ev	522789
_ZNSt6thread11_State_implINS_8_InvokerISt5tupleIJSt5_BindIFMN7tacopie5utils11thread_poolEFvvEPS6_EEEEEEE6_M_runEv	1159600
_ZNSt6thread11_State_implINS_8_InvokerISt5tupleIJZN9cpp_redis6client15clear_callbacksEvEUlvE_EEEEE6_M_runEv	1439016
_ZNSt6thread15_M_start_threadESt10unique_ptrINS_6_StateESt14default_deleteIS1_EEPFvvE	1022966
_ZNSt6thread4joinEv	2308701
_ZNSt6thread6_StateD0Ev	1587232
_ZNSt6thread6detachEv	1565078
_ZNSt6vectorIN11opentracing2v29LogRecordESaIS2_EED2Ev	2293252
_ZNSt6vectorIN13jaegertracing3TagESaIS1_EE15_M_range_insertIN9__gnu_cxx17__normal_iteratorIPKS1_S3_EEEEvNS6_IPS1_S3_EET_SC_St20forward_iterator_tag	9785026
_ZNSt6vectorIN13jaegertracing3TagESaIS1_EE7reserveEm	8154188
_ZNSt6vectorIN13jaegertracing3TagESaIS1_EED2Ev	4626578
_ZNSt6vectorIN13jaegertracing3TagESaIS1_EEaSERKS3_	3774296
_ZNSt6vectorIN13jaegertracing6thrift3LogESaIS2_EEaSERKS4_	1569714
_ZNSt6vectorIN13jaegertracing6thrift3TagESaIS2_EE20_M_allocate_and_copyIPKS2_EEPS2_mT_S9_	844800
_ZNSt6vectorIN13jaegertracing6thrift3TagESaIS2_EED2Ev	1169723
_ZNSt6vectorIN13jaegertracing6thrift3TagESaIS2_EEaSERKS4_	4622293
_ZNSt6vectorIN13jaegertracing6thrift7SpanRefESaIS2_EE20_M_allocate_and_copyIPKS2_EEPS2_mT_S9_	3148531
_ZNSt6vectorIN13jaegertracing6thrift7SpanRefESaIS2_EED2Ev	1047720
_ZNSt6vectorIN13jaegertracing6thrift7SpanRefESaIS2_EEaSERKS4_	7207158
_ZNSt6vectorIN13jaegertracing9LogRecordESaIS1_EEaSERKS3_	9013056
_ZNSt6vectorIN13jaegertracing9ReferenceESaIS1_EE17_M_realloc_insertIJS1_EEEvN9__gnu_cxx17__normal_iteratorIPS1_S3_EEDpOT_	6801373
_ZNSt6vectorIN13jaegertracing9ReferenceESaIS1_EE20_M_allocate_and_copyIN9__gnu_cxx17__normal_iteratorIPKS1_S3_EEEEPS1_mT_SB_	12313648
_ZNSt6vectorIN13jaegertracing9ReferenceESaIS1_EEC2ERKS3_	5376532
_ZNSt6vectorIN13jaegertracing9ReferenceESaIS1_EEaSERKS3_	3926039
_ZNSt6vectorINSt7__cxx1112basic_stringIcSt11char_traitsIcESaIcEEESaIS5_EEC1ERKS7_	1521898
_ZNSt6vectorINSt7__cxx1112basic_stringIcSt11char_traitsIcESaIcEEESaIS5_EEC2ERKS7_	1521898
_ZNSt6vectorINSt7__cxx1112basic_stringIcSt11char_traitsIcESaIcEEESaIS5_EEC2ESt16initializer_listIS5_ERKS6_.constprop.0	1556486
_ZNSt6vectorINSt7__cxx1112basic_stringIcSt11char_traitsIcESaIcEEESaIS5_EEC2ESt16initializer_listIS5_ERKS6_.constprop.3	1386688
_ZNSt6vectorINSt7__cxx1112basic_stringIcSt11char_traitsIcESaIcEEESaIS5_EEC2ESt16initializer_listIS5_ERKS6_.constprop.4	1018791
_ZNSt6vectorISt4pairIN11opentracing2v217SpanReferenceTypeEPKNS2_11SpanContextEESaIS7_EE17_M_realloc_insertIJRKS3_RKS6_EEEvN9__gnu_cxx17__normal_iteratorIPS7_S9_EEDpOT_	2231043
_ZNSt6vectorISt4pairINSt7__cxx1112basic_stringIcSt11char_traitsIcESaIcEEEN11opentracing2v25ValueEESaISA_EED2Ev	3132187
_ZNSt6vectorISt4pairINSt7__cxx1112basic_stringIcSt11char_traitsIcESaIcEEES6_ESaIS7_EEC1ERKS9_	1273489
_ZNSt7__cxx1112basic_stringIcSt11char_traitsIcESaIcEE10_M_replaceEmmPKcm	11819863
_ZNSt7__cxx1112basic_stringIcSt11char_traitsIcESaIcEE10_S_compareEmm	1700655
_ZNSt7__cxx1112basic_stringIcSt11char_traitsIcESaIcEE12_M_constructEmc	1533238
_ZNSt7__cxx1112basic_stringIcSt11char_traitsIcESaIcEE12_M_constructIPcEEvT_S7_St20forward_iterator_tag.constprop.0	1371151
_ZNSt7__cxx1112basic_stringIcSt11char_traitsIcESaIcEE4swapERS4_	7069389
_ZNSt7__cxx1112basic_stringIcSt11char_traitsIcESaIcEE6insertEmRKS4_mm	756008
_ZNSt7__cxx1112basic_stringIcSt11char_traitsIcESaIcEE6resizeEm	2290112
_ZNSt7__cxx1112basic_stringIcSt11char_traitsIcESaIcEE6resizeEmc	2236944
_ZNSt7__cxx1112basic_stringIcSt11char_traitsIcESaIcEE7reserveEm	429825
_ZNSt7__cxx1112basic_stringIcSt11char_traitsIcESaIcEE8_M_eraseEmm	854233
_ZNSt7__cxx1112basic_stringIcSt11char_traitsIcESaIcEE9_M_appendEPKcm	2743728
_ZNSt7__cxx1112basic_stringIcSt11char_traitsIcESaIcEE9_M_assignERKS4_	10480187
_ZNSt7__cxx1112basic_stringIcSt11char_traitsIcESaIcEE9_M_createERmm	2237276
_ZNSt7__cxx1112basic_stringIcSt11char_traitsIcESaIcEE9_M_mutateEmmPKcm	6048390
_ZNSt7__cxx1112basic_stringIcSt11char_traitsIcESaIcEEC2EPKcRKS3_.constprop.0	2854945
_ZNSt7__cxx1112basic_stringIcSt11char_traitsIcESaIcEEaSEOS4_	1138582
_ZNSt7__cxx1115basic_stringbufIcSt11char_traitsIcESaIcEE15_M_update_egptrEv	3244937
_ZNSt7__cxx1115basic_stringbufIcSt11char_traitsIcESaIcEE7_M_syncEPcmm	5617494
_ZNSt7__cxx1115basic_stringbufIcSt11char_traitsIcESaIcEE7seekposESt4fposI11__mbstate_tESt13_Ios_Openmode	1212361
_ZNSt7__cxx1115basic_stringbufIcSt11char_traitsIcESaIcEE8_M_pbumpEPcS5_l	5293323
_ZNSt7__cxx1115basic_stringbufIcSt11char_traitsIcESaIcEE8overflowEi	8063772
_ZNSt7__cxx1115basic_stringbufIcSt11char_traitsIcESaIcEE9underflowEv	1880718
_ZNSt7__cxx1115basic_stringbufIcSt11char_traitsIcESaIcEEC1ERKNS_12basic_stringIcS2_S3_EESt13_Ios_Openmode	734096
_ZNSt7__cxx1115basic_stringbufIcSt11char_traitsIcESaIcEEC2ERKNS_12basic_stringIcS2_S3_EESt13_Ios_Openmode	734096
_ZNSt7__cxx1115basic_stringbufIwSt11char_traitsIwESaIwEE9showmanycEv	1745151
_ZNSt7__cxx1119basic_istringstreamIcSt11char_traitsIcESaIcEEC1ERKNS_12basic_stringIcS2_S3_EESt13_Ios_Openmode	9026029
_ZNSt7__cxx1119basic_istringstreamIcSt11char_traitsIcESaIcEEC2ERKNS_12basic_stringIcS2_S3_EESt13_Ios_Openmode	2144709
_ZNSt7__cxx1119basic_ostringstreamIcSt11char_traitsIcESaIcEEC1Ev	7374147
_ZNSt7__cxx1119basic_ostringstreamIcSt11char_traitsIcESaIcEEC2Ev	2501853
_ZNSt7__cxx119to_stringEl	4523896
_ZNSt8_Rb_treeIN5boost16exception_detail10type_info_ESt4pairIKS2_NS0_10shared_ptrINS1_15error_info_baseEEEESt10_Select1stIS8_ESt4lessIS2_ESaIS8_EE8_M_eraseEPSt13_Rb_tree_nodeIS8_E.isra.0	1771742
_ZNSt8_Rb_treeINSt7__cxx1112basic_stringIcSt11char_traitsIcESaIcEEESt4pairIKS5_S5_ESt10_Select1stIS8_ESt4lessIS5_ESaIS8_EE17_M_construct_nodeIJRKSt21piecewise_construct_tSt5tupleIJRS7_EESJ_IJEEEEEvPSt13_Rb_tree_nodeIS8_EDpOT_	438068
_ZNSt8_Rb_treeINSt7__cxx1112basic_stringIcSt11char_traitsIcESaIcEEESt4pairIKS5_S5_ESt10_Select1stIS8_ESt4lessIS5_ESaIS8_EE22_M_emplace_hint_uniqueIJRKSt21piecewise_construct_tSt5tupleIJOS5_EESJ_IJEEEEESt17_Rb_tree_iteratorIS8_ESt23_Rb_tree_const_iteratorIS8_EDpOT_	1448318
_ZNSt8_Rb_treeINSt7__cxx1112basic_stringIcSt11char_traitsIcESaIcEEESt4pairIKS5_S5_ESt10_Select1stIS8_ESt4lessIS5_ESaIS8_EE22_M_emplace_hint_uniqueIJRKSt21piecewise_construct_tSt5tupleIJRS7_EESJ_IJEEEEESt17_Rb_tree_iteratorIS8_ESt23_Rb_tree_const_iteratorIS8_EDpOT_	3671428
_ZNSt8_Rb_treeINSt7__cxx1112basic_stringIcSt11char_traitsIcESaIcEEESt4pairIKS5_S5_ESt10_Select1stIS8_ESt4lessIS5_ESaIS8_EE24_M_get_insert_unique_posERS7_	2205292
_ZNSt8_Rb_treeINSt7__cxx1112basic_stringIcSt11char_traitsIcESaIcEEESt4pairIKS5_S5_ESt10_Select1stIS8_ESt4lessIS5_ESaIS8_EE29_M_get_insert_hint_unique_posESt23_Rb_tree_const_iteratorIS8_ERS7_	2594514
_ZNSt8_Rb_treeINSt7__cxx1112basic_stringIcSt11char_traitsIcESaIcEEESt4pairIKS5_S5_ESt10_Select1stIS8_ESt4lessIS5_ESaIS8_EE8_M_eraseEPSt13_Rb_tree_nodeIS8_E	3343096
_ZNSt8_Rb_treeIiSt4pairIKiSt10shared_ptrIN6apache6thrift11concurrency7MonitorEEESt10_Select1stIS8_ESt4lessIiESaIS8_EE12_M_erase_auxESt23_Rb_tree_const_iteratorIS8_ESG_	1998102
_ZNSt8_Rb_treeIiSt4pairIKiSt10shared_ptrIN6apache6thrift11concurrency7MonitorEEESt10_Select1stIS8_ESt4lessIiESaIS8_EE8_M_eraseEPSt13_Rb_tree_nodeIS8_E	2594144
_ZNSt8__detail16_Hashtable_allocISaINS_10_Hash_nodeISt4pairIKNSt7__cxx1112basic_stringIcSt11char_traitsIcESaIcEEES8_ELb1EEEEE16_M_allocate_nodeIJRKSA_EEEPSB_DpOT_	2488616
_ZNSt8__detail16_Hashtable_allocISaINS_10_Hash_nodeISt4pairIKNSt7__cxx1112basic_stringIcSt11char_traitsIcESaIcEEES8_ELb1EEEEE16_M_allocate_nodeIJRKSt21piecewise_construct_tSt5tupleIJRS9_EESI_IJEEEEEPSB_DpOT_	3187546
_ZNSt8__detail9_Map_baseIiSt4pairIKiN7tacopie10io_service14tracked_socketEESaIS6_ENS_10_Select1stESt8equal_toIiESt4hashIiENS_18_Mod_range_hashingENS_20_Default_ranged_hashENS_20_Prime_rehash_policyENS_17_Hashtable_traitsILb0ELb0ELb1EEELb1EEixEOi	4812813
_ZNSt8ios_base13_M_grow_wordsEib	936979
_ZNSt8ios_base17_M_call_callbacksENS_5eventE	1070833
_ZNSt8ios_base20_M_dispose_callbacksEv	844846
_ZNSt8ios_base7_M_initEv	4745738
_ZNSt8ios_baseC1Ev	3235605
_ZNSt8ios_baseC2Ev	3235605
_ZNSt8ios_baseD1Ev	2028483
_ZNSt8ios_baseD2Ev	2028483
_ZNSt9basic_iosIcSt11char_traitsIcEE15_M_cache_localeERKSt6locale	4052130
_ZNSt9basic_iosIcSt11char_traitsIcEE4initEPSt15basic_streambufIcS1_E	6256409
_ZNSt9basic_iosIcSt11char_traitsIcEE5imbueERKSt6locale	2614470
_ZNSt9basic_iosIcSt11char_traitsIcEE9set_rdbufEPSt15basic_streambufIcS1_E	1154852
_ZNSt9basic_iosIcSt11char_traitsIcEEC1Ev	2790891
_ZNSt9basic_iosIcSt11char_traitsIcEEC2Ev	2790891
_ZNSt9basic_iosIwSt11char_traitsIwEE4moveEOS2_	2972605
_ZSt13__int_to_charIcmEiPT_T0_PKS0_St13_Ios_Fmtflagsb	1964419
_ZSt13__int_to_charIcyEiPT_T0_PKS0_St13_Ios_Fmtflagsb	2964643
_ZSt13__invoke_implIN11opentracing2v28expectedIvSt10error_codeEERZNK13jaegertracing11propagation10PropagatorIRKNS1_13TextMapReaderERKNS1_13TextMapWriterEE7extractESA_EUlRKNSt7__cxx1112basic_stringIcSt11char_traitsIcESaIcEEESM_E_JNS1_11string_viewESP_EET_St14__invoke_otherOT0_DpOT1_	2112475
_ZSt15_Fnv_hash_bytesPKvmm	880437
_ZSt15future_categoryv	1746748
_ZSt15get_new_handlerv	2113048
_ZSt15set_new_handlerPFvvE	2641310
_ZSt16__ostream_insertIcSt11char_traitsIcEERSt13basic_ostreamIT_T0_ES6_PKS3_l	7898501
_ZSt18_Rb_tree_incrementPKSt18_Rb_tree_node_base	4380681
_ZSt18_Rb_tree_incrementPSt18_Rb_tree_node_base	3244937
_ZSt18uncaught_exceptionv	862094
_ZSt19uncaught_exceptionsv	1853225
_ZSt21_Rb_tree_rotate_rightPSt18_Rb_tree_node_baseRS0_	883437
_ZSt24__is_ios_failure_handlerPKN10__cxxabiv117__class_type_infoE	1390163
_ZSt29_Rb_tree_insert_and_rebalancebPSt18_Rb_tree_node_baseS0_RS_	7987442
_ZSt8_DestroyIPN13jaegertracing3TagES1_EvT_S3_RSaIT0_E	2668971
_ZSt9has_facetISt5ctypeIcEEbRKSt6locale	2443212
_ZSt9has_facetISt7num_getIcSt19istreambuf_iteratorIcSt11char_traitsIcEEEEbRKSt6locale	862686
_ZSt9has_facetISt7num_putIcSt19ostreambuf_iteratorIcSt11char_traitsIcEEEEbRKSt6locale	2091422
_ZSt9use_facetISt5ctypeIcEERKT_RKSt6locale	1423721
_ZSt9use_facetISt7num_getIcSt19istreambuf_iteratorIcSt11char_traitsIcEEEERKT_RKSt6locale	1371386
_ZSt9use_facetISt8messagesIcEERKT_RKSt6locale	5311576
_ZStlsIcSt11char_traitsIcEERSt13basic_ostreamIT_T0_ES6_St5_Setw	938866
_ZStplIcSt11char_traitsIcESaIcEENSt7__cxx1112basic_stringIT_T0_T1_EEOS8_S9_	4012760
_ZThn8_N13jaegertracing11propagation10PropagatorIRKN11opentracing2v213TextMapReaderERKNS3_13TextMapWriterEED0Ev	2161072
_ZThn8_NK13jaegertracing11propagation10PropagatorIRKN11opentracing2v213TextMapReaderERKNS3_13TextMapWriterEE6injectERKNS_11SpanContextES9_	648322
_ZTv0_n24_N13jaegertracing6thrift4SpanD0Ev	3244713
_ZTv0_n24_N13jaegertracing6thrift4SpanD1Ev	1378484
_ZTv0_n24_N13jaegertracing6thrift7SpanRefD0Ev	1608029
_ZTv0_n32_N13jaegertracing6thrift4Span4readEPN6apache6thrift8protocol9TProtocolE	761916
_ZTv0_n32_N13jaegertracing6thrift7SpanRef4readEPN6apache6thrift8protocol9TProtocolE	1097109
_ZTv0_n32_N13media_service19RatingServiceClient12UploadRatingElRKNSt7__cxx1112basic_stringIcSt11char_traitsIcESaIcEEEiRKSt3mapIS6_S6_St4lessIS6_ESaISt4pairIS7_S6_EEE	2002993
_ZTv0_n40_N13media_service20MovieIdServiceClient15RegisterMovieIdElRKNSt7__cxx1112basic_stringIcSt11char_traitsIcESaIcEEES8_RKSt3mapIS6_S6_St4lessIS6_ESaISt4pairIS7_S6_EEE	1003212
_ZTv0_n40_N13media_service26ComposeReviewServiceClient12UploadRatingEliRKSt3mapINSt7__cxx1112basic_stringIcSt11char_traitsIcESaIcEEES7_St4lessIS7_ESaISt4pairIKS7_S7_EEE	638154
_ZTv0_n64_N13media_service26ComposeReviewServiceClient12UploadUserIdEllRKSt3mapINSt7__cxx1112basic_stringIcSt11char_traitsIcESaIcEEES7_St4lessIS7_ESaISt4pairIKS7_S7_EEE	1980433
_ZZNK13jaegertracing11propagation10PropagatorIRKN11opentracing2v213TextMapReaderERKNS3_13TextMapWriterEE7extractES6_ENKUlRKNSt7__cxx1112basic_stringIcSt11char_traitsIcESaIcEEESI_E_clESI_SI_	10387499
_ZZNSt9once_flag18_Prepare_executionC1IZSt9call_onceIMNSt13__future_base13_State_baseV2EFvPSt8functionIFSt10unique_ptrINS3_12_Result_baseENS7_8_DeleterEEvEEPbEJPS4_SC_SD_EEvRS_OT_DpOT0_EUlvE_EERSI_ENUlvE_8__invokeEv	2664914
_ZZNSt9once_flag18_Prepare_executionC1IZSt9call_onceIMSt6threadFvvEJPS3_EEvRS_OT_DpOT0_EUlvE_EERS8_ENUlvE_8__invokeEv	2627408
_ZZNSt9once_flag18_Prepare_executionC4IZSt9call_onceIMNSt13__future_base13_State_baseV2EFvPSt8functionIFSt10unique_ptrINS3_12_Result_baseENS7_8_DeleterEEvEEPbEJPS4_SC_SD_EEvRS_OT_DpOT0_EUlvE_EERSI_ENUlvE_4_FUNEv	2892235
_ZdaPv	822315
_ZdlPv	822315
_ZdlPvm	822315
_Znwm	2854594
__dynamic_cast	3395028
__gcclibcxx_demangle_callback	811720
__once_proxy	7455258
execute_native_thread_routine	7455410
