arm,rep,tps,instr,cycles,l2i,cs
base,1,40134.575875,515308590222,581426513658,2956200726,9106342
warm64,1,39186.388811,499418758137,585218872578,3102167869,8747650
warm64_nop,1,38687.773813,501734996085,579793480485,3046093466,8785578
base,2,38212.298648,472963812302,559247864837,2923383888,8332217
warm64,2,38622.736241,489531302629,565965335076,2969916223,8555302
warm64_nop,2,38010.238104,503126385104,585688160616,3134471831,8796170
base,3,38094.537968,505503465456,580956050994,3034462526,8899187
warm64,3,38652.825737,495763319797,565599488962,2972493004,8657727
warm64_nop,3,37762.385364,496953957705,580247720614,3082828428,8680758
